0,0,0,0,0,0,0,0,0,0,0,0,0,0,0,0,0,0,0,0,0,0,0,0,0,0,0,0,0,0,0,0
0,0,0,0,0,0,0,0,0,0,0,0,0,0,0,0,0,0,0,0,0,0,0,0,0,0,0,0,0,0,0,0
0,0,0,0,0,0,0,0,0,0,0,0,0,0,0,0,0,0,0,0,0,0,0,0,0,0,0,0,0,0,0,0
0,0,0,0,0,0,0,0,0,0,0,0,0,0,0,0,0,0,0,0,0,0,0,0,0,0,0,0,0,0,0,0
0,0,0,0,0,0,0,0,0,0,0,0,0,0,0,0,0,0,0,0,0,0,0,0,0,0,0,0,0,0,0,0
0,0,0,0,0,0,0,0,0,0,0,0,0,0,0,0,0,0,0,0,0,0,0,0,0,0,0,0,0,0,0,0
0,0,0,0,0,0,0,0,0,0,0,0,0,0,0,0,0,0,0,0,0,0,0,0,0,0,0,0,0,0,0,0
99.28654979415785,92.5495455428869,95.69022449123293,87.86350323879813,77.04902488604127,74.57300113720656,59.36217195734071,67.77625392830954,53.62454158020573,49.23196161044042,50.08743356293088,39.657800198048,39.15695730838135,27.16904557405555,29.89084192074896,22.32369757762213,20.84883435647375,16.54193373873496,13.78042061105501,11.4066733673042,10.13471779816909,12.18261937229728,8.032426969778815,9.92987265606342,5.657999824359563,4.257459951328148,-2.771061879662478,1.489034592968487,-1.785546671598092,-0.3626979199806978,-0.7017412071283626,-3.350277885486298
0,0,0,0,0,0,0,0,0,0,0,0,0,0,0,0,0,0,0,0,0,0,0,0,0,0,0,0,0,0,0,0
0,0,0,0,0,0,0,0,0,0,0,0,0,0,0,0,0,0,0,0,0,0,0,0,0,0,0,0,0,0,0,0
0,0,0,0,0,0,0,0,0,0,0,0,0,0,0,0,0,0,0,0,0,0,0,0,0,0,0,0,0,0,0,0
0,0,0,0,0,0,0,0,0,0,0,0,0,0,0,0,0,0,0,0,0,0,0,0,0,0,0,0,0,0,0,0
0,0,0,0,0,0,0,0,0,0,0,0,0,0,0,0,0,0,0,0,0,0,0,0,0,0,0,0,0,0,0,0
0,0,0,0,0,0,0,0,0,0,0,0,0,0,0,0,0,0,0,0,0,0,0,0,0,0,0,0,0,0,0,0
0,0,0,0,0,0,0,0,0,0,0,0,0,0,0,0,0,0,0,0,0,0,0,0,0,0,0,0,0,0,0,0
100.2154550397102,94.16984836558177,90.62271485867976,83.09341378823859,76.08653902616305,69.63966655065765,64.43272782096219,56.40028350134931,52.05990362017333,50.60219748425002,42.99991757428867,41.20323229697016,32.84279041978278,27.38856630800416,22.22851613512501,22.64269917893059,22.10697663880746,16.09256486435298,14.41755722928348,10.09542866602685,11.686542778832,7.133826138407237,3.190328374227164,0.8538839463621715,0.6934621683130269,1.061161594746859,0.1728417681664176,5.454327585622395,4.753332006251634,2.736554814546212,6.464023835318169,1.472996704145249
0,0,0,0,0,0,0,0,0,0,0,0,0,0,0,0,0,0,0,0,0,0,0,0,0,0,0,0,0,0,0,0
0,0,0,0,0,0,0,0,0,0,0,0,0,0,0,0,0,0,0,0,0,0,0,0,0,0,0,0,0,0,0,0
0,0,0,0,0,0,0,0,0,0,0,0,0,0,0,0,0,0,0,0,0,0,0,0,0,0,0,0,0,0,0,0
0,0,0,0,0,0,0,0,0,0,0,0,0,0,0,0,0,0,0,0,0,0,0,0,0,0,0,0,0,0,0,0
0,0,0,0,0,0,0,0,0,0,0,0,0,0,0,0,0,0,0,0,0,0,0,0,0,0,0,0,0,0,0,0
0,0,0,0,0,0,0,0,0,0,0,0,0,0,0,0,0,0,0,0,0,0,0,0,0,0,0,0,0,0,0,0
0,0,0,0,0,0,0,0,0,0,0,0,0,0,0,0,0,0,0,0,0,0,0,0,0,0,0,0,0,0,0,0
98.22087225473254,94.06773889339722,89.43007228340304,84.72896004063593,72.82353207442874,71.78469635746519,67.34896814615153,63.63909360928701,54.93632433015469,48.55482300601546,43.45675696808956,42.22780091907523,35.44799538447862,26.38163582653143,26.08706312205564,29.24850941725602,20.52050211714525,12.70389051706173,14.17868048837222,9.637983674298439,9.197794298378042,8.526567065244048,12.46212528461672,3.163847238434654,4.046793249720872,0.309217455356114,1.205249550401726,0.8686168476369462,3.645831280042429,-0.7470272702594277,2.767856722266064,1.801355541867391
0,0,0,0,0,0,0,0,0,0,0,0,0,0,0,0,0,0,0,0,0,0,0,0,0,0,0,0,0,0,0,0
0,0,0,0,0,0,0,0,0,0,0,0,0,0,0,0,0,0,0,0,0,0,0,0,0,0,0,0,0,0,0,0
0,0,0,0,0,0,0,0,0,0,0,0,0,0,0,0,0,0,0,0,0,0,0,0,0,0,0,0,0,0,0,0
0,0,0,0,0,0,0,0,0,0,0,0,0,0,0,0,0,0,0,0,0,0,0,0,0,0,0,0,0,0,0,0
0,0,0,0,0,0,0,0,0,0,0,0,0,0,0,0,0,0,0,0,0,0,0,0,0,0,0,0,0,0,0,0
0,0,0,0,0,0,0,0,0,0,0,0,0,0,0,0,0,0,0,0,0,0,0,0,0,0,0,0,0,0,0,0
0,0,0,0,0,0,0,0,0,0,0,0,0,0,0,0,0,0,0,0,0,0,0,0,0,0,0,0,0,0,0,0
101.4597806701542,90.45589470585587,89.12345396409047,86.16102515697681,71.45109644086466,77.00631654708113,64.46115726107405,56.34870382070535,52.76080294374175,48.92227454206917,43.9306484773129,40.90438277376994,29.46109989654281,28.65146151750654,29.78364557549726,16.99742267504118,13.58673348268704,18.40612083351379,17.65455378326949,9.339586337768363,7.158703484412698,4.1037483744738,10.49734157206543,5.069007805428704,2.204216702893502,2.095553488328026,3.144052920959107,2.648259949645935,-0.563736171553515,6.438439149218615,-1.995844549583459,-3.482658943545485
0,0,0,0,0,0,0,0,0,0,0,0,0,0,0,0,0,0,0,0,0,0,0,0,0,0,0,0,0,0,0,0
0,0,0,0,0,0,0,0,0,0,0,0,0,0,0,0,0,0,0,0,0,0,0,0,0,0,0,0,0,0,0,0
0,0,0,0,0,0,0,0,0,0,0,0,0,0,0,0,0,0,0,0,0,0,0,0,0,0,0,0,0,0,0,0
93.09242888546989,90.71217278463681,87.58089322182678,84.86637059166581,75.64741028992651,74.47140806691057,61.90221554340024,55.92992395563243,56.12078792982495,45.66549953770389,52.94027820107281,42.50334755233204,35.01599146476052,32.46587866777234,31.19104749999408,19.24841959354784,19.57757462655901,12.96074910130707,14.13863235658322,12.49404046141112,8.678586058831101,9.694578935188037,6.674588647784563,3.381818440807155,2.883379653211067,6.674793961422591,4.988332068003687,1.451275571560771,2.312265754709722,0.5178333689916037,-0.926832955034556,8.767350027271608
0,0,0,0,0,0,0,0,0,0,0,0,0,0,0,0,0,0,0,0,0,0,0,0,0,0,0,0,0,0,0,0
0,0,0,0,0,0,0,0,0,0,0,0,0,0,0,0,0,0,0,0,0,0,0,0,0,0,0,0,0,0,0,0
0,0,0,0,0,0,0,0,0,0,0,0,0,0,0,0,0,0,0,0,0,0,0,0,0,0,0,0,0,0,0,0
93.13424766233138,93.17912666490814,93.42382988169753,83.47142812601523,76.56517898697415,78.61120828529249,65.24970504593922,61.93833839091781,55.64511060025574,42.18322287870915,44.95477115711475,42.74899374165778,37.57552914151976,27.78910379951448,28.04726473297261,22.99334883797592,17.30907477372698,21.86417364515461,11.71899144550289,8.794733683376807,9.425260398135833,2.907553983396602,2.93690157588879,4.936624717717957,2.682359987042123,4.907783925852595,1.285981359991694,1.961551825074451,4.157782384416707,2.984797178292065,-4.623479405920686,-0.761368422670488
0,0,0,0,0,0,0,0,0,0,0,0,0,0,0,0,0,0,0,0,0,0,0,0,0,0,0,0,0,0,0,0
0,0,0,0,0,0,0,0,0,0,0,0,0,0,0,0,0,0,0,0,0,0,0,0,0,0,0,0,0,0,0,0
0,0,0,0,0,0,0,0,0,0,0,0,0,0,0,0,0,0,0,0,0,0,0,0,0,0,0,0,0,0,0,0
101.2989528415083,97.77445310829316,90.88101926883617,80.99608912179818,79.54804375370328,69.99897906341776,70.56672336704561,60.09060003178733,47.07591334783587,54.05583864908066,45.95297738250569,39.02360375170833,31.76414540066006,33.66496248475358,23.77462582956119,18.29631132920638,15.27895738933487,14.88465850272969,11.14339010062046,11.50664918803118,7.874390962006979,7.721067818986166,1.89008455990495,7.329393205052328,3.495868497518048,7.007721005448669,-1.749087420222414,4.730745454205651,-2.412694879283698,1.571458374110671,-2.812221438879671,0.822806210261925
0,0,0,0,0,0,0,0,0,0,0,0,0,0,0,0,0,0,0,0,0,0,0,0,0,0,0,0,0,0,0,0
0,0,0,0,0,0,0,0,0,0,0,0,0,0,0,0,0,0,0,0,0,0,0,0,0,0,0,0,0,0,0,0
0,0,0,0,0,0,0,0,0,0,0,0,0,0,0,0,0,0,0,0,0,0,0,0,0,0,0,0,0,0,0,0
105.0478790937055,92.80341223018729,88.34434323896033,85.2765359972524,75.69701768939619,69.64673557735958,67.58105198923067,58.76388327205063,55.1123417145953,53.8514806573462,47.48933902290137,32.95824759066688,31.41453115014768,29.39268548559942,22.10646799892616,21.56721303936007,11.86415988739876,17.3791140983939,11.77685272731523,13.89951982709719,6.927830232909207,7.245983524638916,10.37987380363134,6.031537563485299,8.843741046691719,0.4955264281652307,2.111041844547584,2.054553417673669,2.011046900898861,1.647247966893074,2.990448520624913,-0.5846046642857678
0,0,0,0,0,0,0,0,0,0,0,0,0,0,0,0,0,0,0,0,0,0,0,0,0,0,0,0,0,0,0,0
0,0,0,0,0,0,0,0,0,0,0,0,0,0,0,0,0,0,0,0,0,0,0,0,0,0,0,0,0,0,0,0
0,0,0,0,0,0,0,0,0,0,0,0,0,0,0,0,0,0,0,0,0,0,0,0,0,0,0,0,0,0,0,0
0,0,0,0,0,0,0,0,0,0,0,0,0,0,0,0,0,0,0,0,0,0,0,0,0,0,0,0,0,0,0,0
0,0,0,0,0,0,0,0,0,0,0,0,0,0,0,0,0,0,0,0,0,0,0,0,0,0,0,0,0,0,0,0
0,0,0,0,0,0,0,0,0,0,0,0,0,0,0,0,0,0,0,0,0,0,0,0,0,0,0,0,0,0,0,0
0,0,0,0,0,0,0,0,0,0,0,0,0,0,0,0,0,0,0,0,0,0,0,0,0,0,0,0,0,0,0,0
0,0,0,0,0,0,0,0,0,0,0,0,0,0,0,0,0,0,0,0,0,0,0,0,0,0,0,0,0,0,0,0
0,0,0,0,0,0,0,0,0,0,0,0,0,0,0,0,0,0,0,0,0,0,0,0,0,0,0,0,0,0,0,0
0,0,0,0,0,0,0,0,0,0,0,0,0,0,0,0,0,0,0,0,0,0,0,0,0,0,0,0,0,0,0,0
0,0,0,0,0,0,0,0,0,0,0,0,0,0,0,0,0,0,0,0,0,0,0,0,0,0,0,0,0,0,0,0
99.89181002755775,92.81168075617234,92.73354911061278,83.86902498818036,79.42228062106916,72.70764937086972,63.19947562668172,56.55791246141357,57.0033226190928,49.2749955017181,46.80382614478652,37.1154495469529,38.03708551375836,27.10559178064956,28.02839284902158,23.52032124541646,19.4231787661963,14.46701278163884,13.7595997211411,7.481932319331585,6.953447511799787,10.97030583676131,4.20241877873862,1.97134684244673,2.517545092176313,3.011806302338257,2.322862968466018,-1.706475122417477,-1.979366009173734,-1.496596120657832,2.456615242943532,6.17275428737873
0,0,0,0,0,0,0,0,0,0,0,0,0,0,0,0,0,0,0,0,0,0,0,0,0,0,0,0,0,0,0,0
0,0,0,0,0,0,0,0,0,0,0,0,0,0,0,0,0,0,0,0,0,0,0,0,0,0,0,0,0,0,0,0
0,0,0,0,0,0,0,0,0,0,0,0,0,0,0,0,0,0,0,0,0,0,0,0,0,0,0,0,0,0,0,0
96.94771920146189,93.8114544981176,88.22128180567702,80.01239951970724,79.48965416180913,74.51720657955467,67.06465323809553,57.78814017037,57.85706798795087,52.78180655040836,40.66827625888435,36.42816300759868,39.92260382096501,23.18785881841669,27.27087507900181,20.08868466209991,11.17444473710749,18.27279762333363,8.058846926892134,14.37914092146259,9.623788636783207,5.022045761175447,3.225441334701515,5.387340152582206,5.944043069145986,2.030470023931755,3.855054517314404,3.648886114386177,2.765591009684499,-0.9412290891701525,-1.004504049590114,0.730186836026429
0,0,0,0,0,0,0,0,0,0,0,0,0,0,0,0,0,0,0,0,0,0,0,0,0,0,0,0,0,0,0,0
0,0,0,0,0,0,0,0,0,0,0,0,0,0,0,0,0,0,0,0,0,0,0,0,0,0,0,0,0,0,0,0
0,0,0,0,0,0,0,0,0,0,0,0,0,0,0,0,0,0,0,0,0,0,0,0,0,0,0,0,0,0,0,0
0,0,0,0,0,0,0,0,0,0,0,0,0,0,0,0,0,0,0,0,0,0,0,0,0,0,0,0,0,0,0,0
0,0,0,0,0,0,0,0,0,0,0,0,0,0,0,0,0,0,0,0,0,0,0,0,0,0,0,0,0,0,0,0
0,0,0,0,0,0,0,0,0,0,0,0,0,0,0,0,0,0,0,0,0,0,0,0,0,0,0,0,0,0,0,0
0,0,0,0,0,0,0,0,0,0,0,0,0,0,0,0,0,0,0,0,0,0,0,0,0,0,0,0,0,0,0,0
96.63895886172787,94.09599065839197,91.59696375104527,80.72944358304744,75.68008833252145,74.02421100303962,61.76450628084054,58.45003570110737,57.74383844279963,56.03692226815969,51.31471622187473,40.32864270909207,32.22409258340572,24.57008281306395,26.42997444901961,18.12586165698547,17.49443560291957,15.06916611097003,10.53658368278545,10.85516300238227,11.89504606621789,9.983586210977565,1.189265284277642,-2.008809052750453,3.988171479514268,5.21816226748424,3.037375181980209,2.27863199361823,-5.474898263857427,4.311251473323077,2.071693079950289,1.726805779955854
0,0,0,0,0,0,0,0,0,0,0,0,0,0,0,0,0,0,0,0,0,0,0,0,0,0,0,0,0,0,0,0
0,0,0,0,0,0,0,0,0,0,0,0,0,0,0,0,0,0,0,0,0,0,0,0,0,0,0,0,0,0,0,0
0,0,0,0,0,0,0,0,0,0,0,0,0,0,0,0,0,0,0,0,0,0,0,0,0,0,0,0,0,0,0,0
0,0,0,0,0,0,0,0,0,0,0,0,0,0,0,0,0,0,0,0,0,0,0,0,0,0,0,0,0,0,0,0
0,0,0,0,0,0,0,0,0,0,0,0,0,0,0,0,0,0,0,0,0,0,0,0,0,0,0,0,0,0,0,0
0,0,0,0,0,0,0,0,0,0,0,0,0,0,0,0,0,0,0,0,0,0,0,0,0,0,0,0,0,0,0,0
0,0,0,0,0,0,0,0,0,0,0,0,0,0,0,0,0,0,0,0,0,0,0,0,0,0,0,0,0,0,0,0
0,0,0,0,0,0,0,0,0,0,0,0,0,0,0,0,0,0,0,0,0,0,0,0,0,0,0,0,0,0,0,0
0,0,0,0,0,0,0,0,0,0,0,0,0,0,0,0,0,0,0,0,0,0,0,0,0,0,0,0,0,0,0,0
0,0,0,0,0,0,0,0,0,0,0,0,0,0,0,0,0,0,0,0,0,0,0,0,0,0,0,0,0,0,0,0
0,0,0,0,0,0,0,0,0,0,0,0,0,0,0,0,0,0,0,0,0,0,0,0,0,0,0,0,0,0,0,0
0,0,0,0,0,0,0,0,0,0,0,0,0,0,0,0,0,0,0,0,0,0,0,0,0,0,0,0,0,0,0,0
0,0,0,0,0,0,0,0,0,0,0,0,0,0,0,0,0,0,0,0,0,0,0,0,0,0,0,0,0,0,0,0
0,0,0,0,0,0,0,0,0,0,0,0,0,0,0,0,0,0,0,0,0,0,0,0,0,0,0,0,0,0,0,0
0,0,0,0,0,0,0,0,0,0,0,0,0,0,0,0,0,0,0,0,0,0,0,0,0,0,0,0,0,0,0,0
101.3878563982435,94.49342571864058,86.20760183527291,84.474039424484,77.33666683070206,70.20875515716197,70.72202388589824,58.16351056768337,51.75353880324781,42.91616760298127,46.05533875373284,39.09704168677021,28.85373589992756,28.05408236146191,18.96645598704432,19.24754016005681,22.61270502264214,12.97030047374028,6.086254478385941,11.3619319596442,14.03428565611719,4.003352047370848,1.834558953164982,-0.5435534040777386,3.680659785576939,0.1510872107715773,1.116711702881259,-1.203703511896693,-1.292556761872165,0.6638992765280206,-1.960500883319162,-1.94201549157364
0,0,0,0,0,0,0,0,0,0,0,0,0,0,0,0,0,0,0,0,0,0,0,0,0,0,0,0,0,0,0,0
0,0,0,0,0,0,0,0,0,0,0,0,0,0,0,0,0,0,0,0,0,0,0,0,0,0,0,0,0,0,0,0
0,0,0,0,0,0,0,0,0,0,0,0,0,0,0,0,0,0,0,0,0,0,0,0,0,0,0,0,0,0,0,0
102.7742970573027,96.00578056161177,86.14723922869084,83.59265821686455,74.00644012521789,66.23587580363137,62.45559387913109,62.59993750491286,54.34484187726171,54.04146781302865,45.6216014205712,36.83892971128693,33.04101082082831,30.05023470640735,25.33981715036843,20.90609660584548,11.75851841336683,9.25343128576327,11.78435930835232,16.23779951205099,4.809870931139464,9.870512904817129,7.620708877666189,6.751931620527413,5.841741376317344,4.760340581280717,6.005490501005184,2.2623104239053,8.783559765204723,3.138247829639187,-2.02488258560954,-2.487340478968292
0,0,0,0,0,0,0,0,0,0,0,0,0,0,0,0,0,0,0,0,0,0,0,0,0,0,0,0,0,0,0,0
0,0,0,0,0,0,0,0,0,0,0,0,0,0,0,0,0,0,0,0,0,0,0,0,0,0,0,0,0,0,0,0
0,0,0,0,0,0,0,0,0,0,0,0,0,0,0,0,0,0,0,0,0,0,0,0,0,0,0,0,0,0,0,0
96.43497416211382,94.44730702810169,88.95404273262416,81.09274478606318,70.76155569925213,69.30016986602746,64.7110926397183,58.84877184129904,51.43448185215814,52.48037789607701,40.86199610791365,40.13244402012165,31.00920181441891,26.23254129211734,22.21743841037838,20.68582894946424,16.97671866023095,11.85198626887581,16.52421493188788,5.552322279663986,5.099975070163181,2.946848191584865,9.729425394941714,2.377992318230848,-0.748721337059155,-0.6136596443042011,2.030464172722742,3.993901836403993,0.9369699955812779,4.272475958345024,4.517061806939692,-2.745200505439614
0,0,0,0,0,0,0,0,0,0,0,0,0,0,0,0,0,0,0,0,0,0,0,0,0,0,0,0,0,0,0,0
0,0,0,0,0,0,0,0,0,0,0,0,0,0,0,0,0,0,0,0,0,0,0,0,0,0,0,0,0,0,0,0
0,0,0,0,0,0,0,0,0,0,0,0,0,0,0,0,0,0,0,0,0,0,0,0,0,0,0,0,0,0,0,0
0,0,0,0,0,0,0,0,0,0,0,0,0,0,0,0,0,0,0,0,0,0,0,0,0,0,0,0,0,0,0,0
0,0,0,0,0,0,0,0,0,0,0,0,0,0,0,0,0,0,0,0,0,0,0,0,0,0,0,0,0,0,0,0
0,0,0,0,0,0,0,0,0,0,0,0,0,0,0,0,0,0,0,0,0,0,0,0,0,0,0,0,0,0,0,0
0,0,0,0,0,0,0,0,0,0,0,0,0,0,0,0,0,0,0,0,0,0,0,0,0,0,0,0,0,0,0,0
100.6119918370437,95.02371289882461,87.70023378487134,80.32916538947482,77.25626153625855,63.57946876929873,59.13474874451434,53.59129387348092,50.31982219176231,50.29864702770462,40.7137229582939,35.18978443314727,32.52576223702342,30.93049871202624,20.08632584307343,19.44101919386785,15.93867424758101,18.7773510699224,13.16171967395017,10.29323641221243,4.941756628780725,11.69139059832304,7.268911440468312,7.350210822371967,5.839809662857144,-0.4818183357837662,-0.4628975241418816,1.545018372886918,0.2581709166530547,-1.067176427295988,1.224412172537765,1.101752843652692
0,0,0,0,0,0,0,0,0,0,0,0,0,0,0,0,0,0,0,0,0,0,0,0,0,0,0,0,0,0,0,0
0,0,0,0,0,0,0,0,0,0,0,0,0,0,0,0,0,0,0,0,0,0,0,0,0,0,0,0,0,0,0,0
0,0,0,0,0,0,0,0,0,0,0,0,0,0,0,0,0,0,0,0,0,0,0,0,0,0,0,0,0,0,0,0
0,0,0,0,0,0,0,0,0,0,0,0,0,0,0,0,0,0,0,0,0,0,0,0,0,0,0,0,0,0,0,0
0,0,0,0,0,0,0,0,0,0,0,0,0,0,0,0,0,0,0,0,0,0,0,0,0,0,0,0,0,0,0,0
0,0,0,0,0,0,0,0,0,0,0,0,0,0,0,0,0,0,0,0,0,0,0,0,0,0,0,0,0,0,0,0
0,0,0,0,0,0,0,0,0,0,0,0,0,0,0,0,0,0,0,0,0,0,0,0,0,0,0,0,0,0,0,0
0,0,0,0,0,0,0,0,0,0,0,0,0,0,0,0,0,0,0,0,0,0,0,0,0,0,0,0,0,0,0,0
0,0,0,0,0,0,0,0,0,0,0,0,0,0,0,0,0,0,0,0,0,0,0,0,0,0,0,0,0,0,0,0
0,0,0,0,0,0,0,0,0,0,0,0,0,0,0,0,0,0,0,0,0,0,0,0,0,0,0,0,0,0,0,0
0,0,0,0,0,0,0,0,0,0,0,0,0,0,0,0,0,0,0,0,0,0,0,0,0,0,0,0,0,0,0,0
0,0,0,0,0,0,0,0,0,0,0,0,0,0,0,0,0,0,0,0,0,0,0,0,0,0,0,0,0,0,0,0
0,0,0,0,0,0,0,0,0,0,0,0,0,0,0,0,0,0,0,0,0,0,0,0,0,0,0,0,0,0,0,0
0,0,0,0,0,0,0,0,0,0,0,0,0,0,0,0,0,0,0,0,0,0,0,0,0,0,0,0,0,0,0,0
0,0,0,0,0,0,0,0,0,0,0,0,0,0,0,0,0,0,0,0,0,0,0,0,0,0,0,0,0,0,0,0
0,0,0,0,0,0,0,0,0,0,0,0,0,0,0,0,0,0,0,0,0,0,0,0,0,0,0,0,0,0,0,0
0,0,0,0,0,0,0,0,0,0,0,0,0,0,0,0,0,0,0,0,0,0,0,0,0,0,0,0,0,0,0,0
0,0,0,0,0,0,0,0,0,0,0,0,0,0,0,0,0,0,0,0,0,0,0,0,0,0,0,0,0,0,0,0
0,0,0,0,0,0,0,0,0,0,0,0,0,0,0,0,0,0,0,0,0,0,0,0,0,0,0,0,0,0,0,0
0,0,0,0,0,0,0,0,0,0,0,0,0,0,0,0,0,0,0,0,0,0,0,0,0,0,0,0,0,0,0,0
0,0,0,0,0,0,0,0,0,0,0,0,0,0,0,0,0,0,0,0,0,0,0,0,0,0,0,0,0,0,0,0
0,0,0,0,0,0,0,0,0,0,0,0,0,0,0,0,0,0,0,0,0,0,0,0,0,0,0,0,0,0,0,0
0,0,0,0,0,0,0,0,0,0,0,0,0,0,0,0,0,0,0,0,0,0,0,0,0,0,0,0,0,0,0,0
99.16954020159605,92.5557179878675,84.79824756049567,76.77836955111015,77.74150264674186,72.24787710332846,59.15705637827044,60.26822290607554,49.24985525180541,44.0729608179967,45.59223249260727,30.59570302057165,28.30265930217661,26.56775438557194,22.13530267622815,14.67524653955481,15.69093085361351,9.381177595116025,13.0096759946672,8.145641980287168,2.994533580621185,5.649817906297056,2.810407623604239,2.098699356641658,0.7572089448841057,-1.178681995966963,-1.96619651314958,-0.1950070359688116,3.54460899055943,5.43340040465537,0.835183492673885,-3.643567967001783
0,0,0,0,0,0,0,0,0,0,0,0,0,0,0,0,0,0,0,0,0,0,0,0,0,0,0,0,0,0,0,0
0,0,0,0,0,0,0,0,0,0,0,0,0,0,0,0,0,0,0,0,0,0,0,0,0,0,0,0,0,0,0,0
0,0,0,0,0,0,0,0,0,0,0,0,0,0,0,0,0,0,0,0,0,0,0,0,0,0,0,0,0,0,0,0
101.0189175972662,91.2523610283793,87.19322089604906,81.03071475001376,76.9758991310343,64.46963597982946,56.91145273762362,53.64282236323574,53.50281646799171,44.71074530393926,39.13469056053481,38.85391956315104,30.23017297847954,28.65190493808442,18.99035085338146,22.14953411402941,15.38767210204382,10.2006745919549,1.697765656462829,6.155019531536823,0.6011329028701953,2.491961484972181,6.143012618384526,-1.042415834986485,4.086840595403448,4.021584227628006,0.5815945659232282,6.196282761057998,-0.1445385118715857,0.01899598596960689,-1.670506871610819,-1.843335657477509
0,0,0,0,0,0,0,0,0,0,0,0,0,0,0,0,0,0,0,0,0,0,0,0,0,0,0,0,0,0,0,0
0,0,0,0,0,0,0,0,0,0,0,0,0,0,0,0,0,0,0,0,0,0,0,0,0,0,0,0,0,0,0,0
0,0,0,0,0,0,0,0,0,0,0,0,0,0,0,0,0,0,0,0,0,0,0,0,0,0,0,0,0,0,0,0
0,0,0,0,0,0,0,0,0,0,0,0,0,0,0,0,0,0,0,0,0,0,0,0,0,0,0,0,0,0,0,0
0,0,0,0,0,0,0,0,0,0,0,0,0,0,0,0,0,0,0,0,0,0,0,0,0,0,0,0,0,0,0,0
0,0,0,0,0,0,0,0,0,0,0,0,0,0,0,0,0,0,0,0,0,0,0,0,0,0,0,0,0,0,0,0
0,0,0,0,0,0,0,0,0,0,0,0,0,0,0,0,0,0,0,0,0,0,0,0,0,0,0,0,0,0,0,0
101.5010957940655,94.16114348060545,89.65993281776942,81.84256667007025,77.27741384942883,68.48612075887137,61.60102227913397,57.91898778726731,49.38719129925892,49.01661659879928,37.4163677723547,33.27358152771357,31.5560426528928,30.03903842864269,23.89428408982463,17.74564868983147,14.76395487740554,12.55597775405262,12.25983688315913,4.259665808895119,-0.3754283498374269,4.229510777819562,7.395339660008869,-1.319648655669695,1.916800790153027,2.694453275570914,-1.497251789236133,2.688131757973978,2.098035222723604,4.920552953644185,4.246761868067386,6.209889604371071
0,0,0,0,0,0,0,0,0,0,0,0,0,0,0,0,0,0,0,0,0,0,0,0,0,0,0,0,0,0,0,0
0,0,0,0,0,0,0,0,0,0,0,0,0,0,0,0,0,0,0,0,0,0,0,0,0,0,0,0,0,0,0,0
0,0,0,0,0,0,0,0,0,0,0,0,0,0,0,0,0,0,0,0,0,0,0,0,0,0,0,0,0,0,0,0
103.7857079997416,98.45654244512006,86.97126299270057,81.29313226116039,68.34902486615262,62.73749375909602,63.475793639541,59.88154021139023,51.29795052124651,44.70841992430357,44.83036894973277,34.03310599714588,24.48266593567414,27.45344292293751,19.90488199709175,18.01545510391208,17.2149701230399,13.37944260744393,13.2539040667888,6.274384688556706,8.00495370072281,7.775221282921437,4.964006632954853,2.323495704665953,2.369152525048643,-2.661480365649891,3.485358305938157,-0.4853032445584897,5.319931482719381,1.539797434044275,0.811143432735996,6.87901450988914
0,0,0,0,0,0,0,0,0,0,0,0,0,0,0,0,0,0,0,0,0,0,0,0,0,0,0,0,0,0,0,0
0,0,0,0,0,0,0,0,0,0,0,0,0,0,0,0,0,0,0,0,0,0,0,0,0,0,0,0,0,0,0,0
0,0,0,0,0,0,0,0,0,0,0,0,0,0,0,0,0,0,0,0,0,0,0,0,0,0,0,0,0,0,0,0
101.9104964377751,91.46399327258729,85.41853075648939,81.37470620062234,75.62649760115613,69.3022177055757,64.60090873424099,56.41446898813641,55.50356990677335,46.84277786580865,39.14196338010566,33.18453311957795,23.24172069528641,31.1803192938597,20.01514720390146,16.18698999390816,15.68587279000507,9.41551298197842,10.39815926453268,7.49226781637311,5.046676507962331,2.782100985145341,4.6024817297609,0.8228815696083864,2.564970331867197,-0.7281616878911268,3.288244817755675,2.471426308746985,5.042455269611797,-4.383137778146788,3.988845264246061,6.576495343338598
0,0,0,0,0,0,0,0,0,0,0,0,0,0,0,0,0,0,0,0,0,0,0,0,0,0,0,0,0,0,0,0
0,0,0,0,0,0,0,0,0,0,0,0,0,0,0,0,0,0,0,0,0,0,0,0,0,0,0,0,0,0,0,0
0,0,0,0,0,0,0,0,0,0,0,0,0,0,0,0,0,0,0,0,0,0,0,0,0,0,0,0,0,0,0,0
103.3985403904482,95.19469355379977,85.1770693946861,77.52169957273249,74.78384524969648,67.81675322419711,62.30255253635111,57.69998633385557,48.3875639467129,40.48310679428955,37.92696346950547,34.5924902737089,31.8142000254249,27.36312670580696,20.49203500715666,13.45403954735863,12.50486326719196,9.342690614166031,11.44358907118407,7.874350591490514,4.77870219834467,5.550575205680561,0.9948980666960456,5.324015412243758,-0.2099873351104322,-3.999188747294709,0.7296418953671059,3.741396707278532,5.329266184215419,-1.757149442909917,-0.7203244944023013,-0.7059648142906545
0,0,0,0,0,0,0,0,0,0,0,0,0,0,0,0,0,0,0,0,0,0,0,0,0,0,0,0,0,0,0,0
0,0,0,0,0,0,0,0,0,0,0,0,0,0,0,0,0,0,0,0,0,0,0,0,0,0,0,0,0,0,0,0
0,0,0,0,0,0,0,0,0,0,0,0,0,0,0,0,0,0,0,0,0,0,0,0,0,0,0,0,0,0,0,0
100.6418518840949,90.55702487042362,89.3062156801833,80.01227150566767,74.67990144834138,69.5126677129319,56.11692453864512,62.47653376949138,45.34924242188922,43.72162372753336,37.91209154709678,30.12366586838781,27.63522114050931,22.22856317217119,20.38090468113785,20.48834691873711,13.43289002740813,13.69115746933557,8.014639978621252,6.837184247468505,7.916157873101394,-1.411329244691136,8.106149844571647,1.952831351931946,3.171475565861529,5.659477101100635,3.167280653838465,-2.121759984560712,-1.637368662028107,-5.162173763254623,-2.53232194482279,0.8901526603902684
0,0,0,0,0,0,0,0,0,0,0,0,0,0,0,0,0,0,0,0,0,0,0,0,0,0,0,0,0,0,0,0
0,0,0,0,0,0,0,0,0,0,0,0,0,0,0,0,0,0,0,0,0,0,0,0,0,0,0,0,0,0,0,0
0,0,0,0,0,0,0,0,0,0,0,0,0,0,0,0,0,0,0,0,0,0,0,0,0,0,0,0,0,0,0,0
106.0647542241077,94.70882064852309,83.87035135053887,78.85722250180571,73.18086344481692,72.71129093193514,58.45052380186758,55.34208631695557,47.2262061647637,40.27398272121294,39.18601132234323,34.18170255104897,31.07913303429142,22.98937120807348,15.20268257819635,18.09557958879076,11.99362488039345,6.757024877006588,8.604422188643893,4.703983738788809,7.259155816634451,2.363658315164006,1.982625113678008,0.2339869105512498,2.528099732995059,4.016018471998614,0.9936648369887653,-0.7163131778149981,2.025066784059316,-1.685165422972792,1.413361293098216,0.04310898997219587
0,0,0,0,0,0,0,0,0,0,0,0,0,0,0,0,0,0,0,0,0,0,0,0,0,0,0,0,0,0,0,0
0,0,0,0,0,0,0,0,0,0,0,0,0,0,0,0,0,0,0,0,0,0,0,0,0,0,0,0,0,0,0,0
0,0,0,0,0,0,0,0,0,0,0,0,0,0,0,0,0,0,0,0,0,0,0,0,0,0,0,0,0,0,0,0
103.6557360436264,92.98760397022008,87.76016952183799,81.55580427278927,71.3307102809915,71.51626374904218,58.82751821438579,50.18570971846071,48.0816610037789,42.02074110118067,32.72930800710106,35.01695039535876,30.47472205274318,23.82839608698013,17.42829053933066,15.70022127961098,16.48672172322301,9.769300855391391,11.17958309894144,9.6455785849856,7.324350064603615,3.163487714479301,7.266132615110353,-0.447670155401761,2.308840027579018,1.03833471751246,5.827117546335922,0.7469666971287765,-0.6937930401867026,-2.549091083752234,-0.354889207804662,3.078118906711909
0,0,0,0,0,0,0,0,0,0,0,0,0,0,0,0,0,0,0,0,0,0,0,0,0,0,0,0,0,0,0,0
0,0,0,0,0,0,0,0,0,0,0,0,0,0,0,0,0,0,0,0,0,0,0,0,0,0,0,0,0,0,0,0
0,0,0,0,0,0,0,0,0,0,0,0,0,0,0,0,0,0,0,0,0,0,0,0,0,0,0,0,0,0,0,0
0,0,0,0,0,0,0,0,0,0,0,0,0,0,0,0,0,0,0,0,0,0,0,0,0,0,0,0,0,0,0,0
0,0,0,0,0,0,0,0,0,0,0,0,0,0,0,0,0,0,0,0,0,0,0,0,0,0,0,0,0,0,0,0
0,0,0,0,0,0,0,0,0,0,0,0,0,0,0,0,0,0,0,0,0,0,0,0,0,0,0,0,0,0,0,0
0,0,0,0,0,0,0,0,0,0,0,0,0,0,0,0,0,0,0,0,0,0,0,0,0,0,0,0,0,0,0,0
0,0,0,0,0,0,0,0,0,0,0,0,0,0,0,0,0,0,0,0,0,0,0,0,0,0,0,0,0,0,0,0
0,0,0,0,0,0,0,0,0,0,0,0,0,0,0,0,0,0,0,0,0,0,0,0,0,0,0,0,0,0,0,0
0,0,0,0,0,0,0,0,0,0,0,0,0,0,0,0,0,0,0,0,0,0,0,0,0,0,0,0,0,0,0,0
0,0,0,0,0,0,0,0,0,0,0,0,0,0,0,0,0,0,0,0,0,0,0,0,0,0,0,0,0,0,0,0
99.70051224134934,91.68126013950322,87.69294450105306,84.23277594262458,77.01117201319244,67.57279640695343,63.30277970364929,55.72434412293399,48.93105853080199,38.74932741461209,35.60604326772501,29.76155489241588,30.08528317116764,23.64831173919642,18.9807310115551,14.03437865863426,9.520701474805136,5.89696143082869,12.36950951819276,1.028581614163043,6.563863855330581,0.1959805351711581,3.877471796908102,2.476111338862591,4.788808576344934,-1.65959573482901,-1.180826243236081,-2.2116429945758,5.922807872819074,-3.764381840013366,2.217061041875689,-1.312322545006529
0,0,0,0,0,0,0,0,0,0,0,0,0,0,0,0,0,0,0,0,0,0,0,0,0,0,0,0,0,0,0,0
0,0,0,0,0,0,0,0,0,0,0,0,0,0,0,0,0,0,0,0,0,0,0,0,0,0,0,0,0,0,0,0
0,0,0,0,0,0,0,0,0,0,0,0,0,0,0,0,0,0,0,0,0,0,0,0,0,0,0,0,0,0,0,0
95.17417870442176,90.76383435945759,91.67328320719284,79.36308654423848,70.88615583814872,67.73491807249583,57.6322948322686,49.87166927194657,44.72190708701419,42.9325538815531,34.01068400303093,29.96757003125249,28.02182132532134,18.49933880348212,23.59970646107558,16.17409081887734,6.567562756124872,10.84593337997466,9.347413084621701,5.511325160271661,4.389228658934726,4.436070128071494,1.718036814571227,2.88168282807776,0.6530608349835778,1.86415734017337,-3.009695258627484,2.104416618912256,2.708008846413692,-2.91458552914379,-2.494393314366107,-0.5250103727892175
0,0,0,0,0,0,0,0,0,0,0,0,0,0,0,0,0,0,0,0,0,0,0,0,0,0,0,0,0,0,0,0
0,0,0,0,0,0,0,0,0,0,0,0,0,0,0,0,0,0,0,0,0,0,0,0,0,0,0,0,0,0,0,0
0,0,0,0,0,0,0,0,0,0,0,0,0,0,0,0,0,0,0,0,0,0,0,0,0,0,0,0,0,0,0,0
0,0,0,0,0,0,0,0,0,0,0,0,0,0,0,0,0,0,0,0,0,0,0,0,0,0,0,0,0,0,0,0
0,0,0,0,0,0,0,0,0,0,0,0,0,0,0,0,0,0,0,0,0,0,0,0,0,0,0,0,0,0,0,0
0,0,0,0,0,0,0,0,0,0,0,0,0,0,0,0,0,0,0,0,0,0,0,0,0,0,0,0,0,0,0,0
0,0,0,0,0,0,0,0,0,0,0,0,0,0,0,0,0,0,0,0,0,0,0,0,0,0,0,0,0,0,0,0
99.42421661820823,90.95216557017615,87.85389693326296,79.61343468205747,63.9698964315234,63.32563814266111,64.677768456892,51.4580540767858,48.38944590866329,43.1500180341576,38.1399737894426,36.7734422320457,25.27971553791922,18.92006353848517,22.18082769938801,20.88730856099141,14.10931779723983,7.624026028722479,14.592625385109,3.258606848476229,0.1485280375840858,5.969251161087948,0.4655831374749733,-1.631485568778908,4.021729169254728,-0.2106658184874148,7.159326325621592,-1.69604888272866,4.861739957139128,3.452293335724935,-1.618926758171823,1.34890237929397
0,0,0,0,0,0,0,0,0,0,0,0,0,0,0,0,0,0,0,0,0,0,0,0,0,0,0,0,0,0,0,0
0,0,0,0,0,0,0,0,0,0,0,0,0,0,0,0,0,0,0,0,0,0,0,0,0,0,0,0,0,0,0,0
0,0,0,0,0,0,0,0,0,0,0,0,0,0,0,0,0,0,0,0,0,0,0,0,0,0,0,0,0,0,0,0
0,0,0,0,0,0,0,0,0,0,0,0,0,0,0,0,0,0,0,0,0,0,0,0,0,0,0,0,0,0,0,0
0,0,0,0,0,0,0,0,0,0,0,0,0,0,0,0,0,0,0,0,0,0,0,0,0,0,0,0,0,0,0,0
0,0,0,0,0,0,0,0,0,0,0,0,0,0,0,0,0,0,0,0,0,0,0,0,0,0,0,0,0,0,0,0
0,0,0,0,0,0,0,0,0,0,0,0,0,0,0,0,0,0,0,0,0,0,0,0,0,0,0,0,0,0,0,0
104.7042337805387,94.17489241126073,87.97814919792218,77.89190952824313,66.60519926978078,63.72501889934636,53.88618411154605,48.23652809055609,47.86444569267371,40.72109020727045,36.21976549075179,33.51315341383093,23.03896899400704,23.52799860310403,16.35478518040795,16.86450443305434,12.08014802852057,10.66141656290841,4.686461059043158,7.131820113815466,2.880398343775198,1.542534651719666,2.657978786004927,2.098352755447418,0.2247175139232531,-3.307022985085363,6.886497056573836,-3.934299228193508,-4.650651198789796,1.42503961787482,-2.748882296195853,5.327157363922217
0,0,0,0,0,0,0,0,0,0,0,0,0,0,0,0,0,0,0,0,0,0,0,0,0,0,0,0,0,0,0,0
0,0,0,0,0,0,0,0,0,0,0,0,0,0,0,0,0,0,0,0,0,0,0,0,0,0,0,0,0,0,0,0
0,0,0,0,0,0,0,0,0,0,0,0,0,0,0,0,0,0,0,0,0,0,0,0,0,0,0,0,0,0,0,0
0,0,0,0,0,0,0,0,0,0,0,0,0,0,0,0,0,0,0,0,0,0,0,0,0,0,0,0,0,0,0,0
0,0,0,0,0,0,0,0,0,0,0,0,0,0,0,0,0,0,0,0,0,0,0,0,0,0,0,0,0,0,0,0
0,0,0,0,0,0,0,0,0,0,0,0,0,0,0,0,0,0,0,0,0,0,0,0,0,0,0,0,0,0,0,0
0,0,0,0,0,0,0,0,0,0,0,0,0,0,0,0,0,0,0,0,0,0,0,0,0,0,0,0,0,0,0,0
0,0,0,0,0,0,0,0,0,0,0,0,0,0,0,0,0,0,0,0,0,0,0,0,0,0,0,0,0,0,0,0
0,0,0,0,0,0,0,0,0,0,0,0,0,0,0,0,0,0,0,0,0,0,0,0,0,0,0,0,0,0,0,0
0,0,0,0,0,0,0,0,0,0,0,0,0,0,0,0,0,0,0,0,0,0,0,0,0,0,0,0,0,0,0,0
0,0,0,0,0,0,0,0,0,0,0,0,0,0,0,0,0,0,0,0,0,0,0,0,0,0,0,0,0,0,0,0
0,0,0,0,0,0,0,0,0,0,0,0,0,0,0,0,0,0,0,0,0,0,0,0,0,0,0,0,0,0,0,0
0,0,0,0,0,0,0,0,0,0,0,0,0,0,0,0,0,0,0,0,0,0,0,0,0,0,0,0,0,0,0,0
0,0,0,0,0,0,0,0,0,0,0,0,0,0,0,0,0,0,0,0,0,0,0,0,0,0,0,0,0,0,0,0
0,0,0,0,0,0,0,0,0,0,0,0,0,0,0,0,0,0,0,0,0,0,0,0,0,0,0,0,0,0,0,0
100.4117511137623,95.14022192088048,87.64485780213053,75.34509029242277,67.9179871663935,66.55709862498739,56.51532855317574,55.8918502175577,48.74733369527646,36.27627264904677,34.72772558958247,26.95474481782628,21.64771313505318,23.7363573625294,14.19228638116466,15.30515159803447,7.719091751015641,5.37592539119187,10.39928910751943,4.014039863566948,-3.699963533506387,6.615867816548638,4.532464189557162,2.290195594958807,1.406953160393297,0.2910371851946369,2.062038995994224,-1.65647268272334,3.9122229617678,4.361967430953004,-1.723424068233942,-2.02072893477858
0,0,0,0,0,0,0,0,0,0,0,0,0,0,0,0,0,0,0,0,0,0,0,0,0,0,0,0,0,0,0,0
0,0,0,0,0,0,0,0,0,0,0,0,0,0,0,0,0,0,0,0,0,0,0,0,0,0,0,0,0,0,0,0
0,0,0,0,0,0,0,0,0,0,0,0,0,0,0,0,0,0,0,0,0,0,0,0,0,0,0,0,0,0,0,0
0,0,0,0,0,0,0,0,0,0,0,0,0,0,0,0,0,0,0,0,0,0,0,0,0,0,0,0,0,0,0,0
0,0,0,0,0,0,0,0,0,0,0,0,0,0,0,0,0,0,0,0,0,0,0,0,0,0,0,0,0,0,0,0
0,0,0,0,0,0,0,0,0,0,0,0,0,0,0,0,0,0,0,0,0,0,0,0,0,0,0,0,0,0,0,0
0,0,0,0,0,0,0,0,0,0,0,0,0,0,0,0,0,0,0,0,0,0,0,0,0,0,0,0,0,0,0,0
0,0,0,0,0,0,0,0,0,0,0,0,0,0,0,0,0,0,0,0,0,0,0,0,0,0,0,0,0,0,0,0
0,0,0,0,0,0,0,0,0,0,0,0,0,0,0,0,0,0,0,0,0,0,0,0,0,0,0,0,0,0,0,0
0,0,0,0,0,0,0,0,0,0,0,0,0,0,0,0,0,0,0,0,0,0,0,0,0,0,0,0,0,0,0,0
0,0,0,0,0,0,0,0,0,0,0,0,0,0,0,0,0,0,0,0,0,0,0,0,0,0,0,0,0,0,0,0
0,0,0,0,0,0,0,0,0,0,0,0,0,0,0,0,0,0,0,0,0,0,0,0,0,0,0,0,0,0,0,0
0,0,0,0,0,0,0,0,0,0,0,0,0,0,0,0,0,0,0,0,0,0,0,0,0,0,0,0,0,0,0,0
0,0,0,0,0,0,0,0,0,0,0,0,0,0,0,0,0,0,0,0,0,0,0,0,0,0,0,0,0,0,0,0
0,0,0,0,0,0,0,0,0,0,0,0,0,0,0,0,0,0,0,0,0,0,0,0,0,0,0,0,0,0,0,0
97.55957920667231,93.27434278342257,84.5015526326077,82.80486669979035,74.41033126813608,62.50766607289819,56.2903216341355,49.42701237608043,42.6428916226495,36.25227739696592,38.31784453934233,26.21047965650244,25.97086876097367,18.23362351349235,20.18122315423414,14.4016181182522,7.028825656254467,6.593780791482258,4.407553894875065,-3.593659518622035,4.401307395133452,3.297617851753289,2.258132929692089,4.512551945826249,-1.868838516540987,2.174925097508595,2.85316821782966,-1.220880573512175,1.433221416332331,2.311137023194131,1.198220728984783,3.959417350489488
0,0,0,0,0,0,0,0,0,0,0,0,0,0,0,0,0,0,0,0,0,0,0,0,0,0,0,0,0,0,0,0
0,0,0,0,0,0,0,0,0,0,0,0,0,0,0,0,0,0,0,0,0,0,0,0,0,0,0,0,0,0,0,0
0,0,0,0,0,0,0,0,0,0,0,0,0,0,0,0,0,0,0,0,0,0,0,0,0,0,0,0,0,0,0,0
105.3225848209588,91.54214563686148,85.20100965875736,79.44918838943579,66.27559830076527,67.77751632080179,52.56831715283851,47.21993175807695,51.35459950373079,36.32718898887176,37.13875260523879,26.85475928591708,22.02878783036589,21.45683422193035,17.41678596003263,11.80771365884227,9.482071211204342,8.590697607840857,6.421407430328852,-1.245676593198775,-3.880017138477922,0.3268235684269729,5.128047519814027,2.215267007607712,0.01002767941300087,0.9805238543602165,-5.249359969330601,-0.6773304063633638,1.121869309049262,-1.228484568820584,-7.381706638235247,-1.090983884565836
0,0,0,0,0,0,0,0,0,0,0,0,0,0,0,0,0,0,0,0,0,0,0,0,0,0,0,0,0,0,0,0
0,0,0,0,0,0,0,0,0,0,0,0,0,0,0,0,0,0,0,0,0,0,0,0,0,0,0,0,0,0,0,0
0,0,0,0,0,0,0,0,0,0,0,0,0,0,0,0,0,0,0,0,0,0,0,0,0,0,0,0,0,0,0,0
0,0,0,0,0,0,0,0,0,0,0,0,0,0,0,0,0,0,0,0,0,0,0,0,0,0,0,0,0,0,0,0
0,0,0,0,0,0,0,0,0,0,0,0,0,0,0,0,0,0,0,0,0,0,0,0,0,0,0,0,0,0,0,0
0,0,0,0,0,0,0,0,0,0,0,0,0,0,0,0,0,0,0,0,0,0,0,0,0,0,0,0,0,0,0,0
0,0,0,0,0,0,0,0,0,0,0,0,0,0,0,0,0,0,0,0,0,0,0,0,0,0,0,0,0,0,0,0
98.9187190618882,96.84869567046454,79.00833625185722,74.50593385617272,73.2351468871928,62.55371990116696,56.80783655302326,44.40203674448455,36.75736681294146,38.92133619008381,34.14967494435027,28.11735736377405,26.55523766979975,24.56988772803086,16.71660255127742,9.31841606315556,5.184171815191302,10.40316727931951,9.587920631965879,-0.4706876727333853,0.6040335022470695,2.122394622330536,1.771423305596992,3.426253652477152,5.492699888866593,0.6495049456535514,0.01617963135547285,2.991545853772496,-4.576764664152364,4.715760921653965,-0.5643853981046023,-6.580844915584853
0,0,0,0,0,0,0,0,0,0,0,0,0,0,0,0,0,0,0,0,0,0,0,0,0,0,0,0,0,0,0,0
0,0,0,0,0,0,0,0,0,0,0,0,0,0,0,0,0,0,0,0,0,0,0,0,0,0,0,0,0,0,0,0
0,0,0,0,0,0,0,0,0,0,0,0,0,0,0,0,0,0,0,0,0,0,0,0,0,0,0,0,0,0,0,0
96.97836893869014,90.82655822216458,85.38461992282261,83.01255515964451,67.07460879479575,60.78397269335123,51.01767691188134,47.9488850326442,44.22844329440336,37.92050372918634,36.44994589136705,28.12343188801773,26.30939138640435,22.35094329373207,16.84388266459812,12.99272831218413,12.20174441455256,7.780448049863025,0.8017495977625746,1.85452906966384,1.615114351146144,-0.8207256190027794,0.1405649716516579,8.03353721591629,3.15268922568923,-4.588435553797825,-1.990337971253997,-5.666278480498693,2.284977588719346,-6.569226989160182,0.3120122575535071,0.6635663940248901
0,0,0,0,0,0,0,0,0,0,0,0,0,0,0,0,0,0,0,0,0,0,0,0,0,0,0,0,0,0,0,0
0,0,0,0,0,0,0,0,0,0,0,0,0,0,0,0,0,0,0,0,0,0,0,0,0,0,0,0,0,0,0,0
0,0,0,0,0,0,0,0,0,0,0,0,0,0,0,0,0,0,0,0,0,0,0,0,0,0,0,0,0,0,0,0
0,0,0,0,0,0,0,0,0,0,0,0,0,0,0,0,0,0,0,0,0,0,0,0,0,0,0,0,0,0,0,0
0,0,0,0,0,0,0,0,0,0,0,0,0,0,0,0,0,0,0,0,0,0,0,0,0,0,0,0,0,0,0,0
0,0,0,0,0,0,0,0,0,0,0,0,0,0,0,0,0,0,0,0,0,0,0,0,0,0,0,0,0,0,0,0
0,0,0,0,0,0,0,0,0,0,0,0,0,0,0,0,0,0,0,0,0,0,0,0,0,0,0,0,0,0,0,0
98.43524086592552,93.198264710095,86.34793989898154,80.12883815650929,70.95036878028588,60.08586295565974,52.51648786564012,43.46116302672463,38.53645219457071,36.56182286783098,33.13277360750062,22.90456995196452,22.86512185674978,20.08563511532799,16.27008035796444,5.89269963068335,9.464515555613017,10.82256836088109,4.549694007466584,4.357338383574294,3.757154564746609,-1.564562801472477,2.866246906473146,2.012541020711663,1.004052951790215,-0.1598865626535523,-3.063530838943006,-0.7897965638455445,3.998959673018523,-1.192075290246293,0.9216533443573229,-0.297686028707306
0,0,0,0,0,0,0,0,0,0,0,0,0,0,0,0,0,0,0,0,0,0,0,0,0,0,0,0,0,0,0,0
0,0,0,0,0,0,0,0,0,0,0,0,0,0,0,0,0,0,0,0,0,0,0,0,0,0,0,0,0,0,0,0
0,0,0,0,0,0,0,0,0,0,0,0,0,0,0,0,0,0,0,0,0,0,0,0,0,0,0,0,0,0,0,0
98.55998497427731,90.51495619670192,82.34383996351926,78.90792748632701,69.46666804833011,61.83497211268989,49.0954515162607,49.98646701014838,41.83398531163912,35.64132618748697,34.57770305925648,25.06579614715186,20.41841941708205,20.95044663786788,15.42756510007201,10.06644185007124,5.03638102057445,7.714141594335366,3.400885144539568,13.116971273217,2.795122426966051,2.894235548471752,-0.6485642361246975,3.88592698380242,-7.549587359853516,3.815384725107148,1.220134791320333,2.391862766923639,-0.1835224646293156,0.3511112819773721,-2.591944523762348,1.867314678413045
0,0,0,0,0,0,0,0,0,0,0,0,0,0,0,0,0,0,0,0,0,0,0,0,0,0,0,0,0,0,0,0
0,0,0,0,0,0,0,0,0,0,0,0,0,0,0,0,0,0,0,0,0,0,0,0,0,0,0,0,0,0,0,0
0,0,0,0,0,0,0,0,0,0,0,0,0,0,0,0,0,0,0,0,0,0,0,0,0,0,0,0,0,0,0,0
0,0,0,0,0,0,0,0,0,0,0,0,0,0,0,0,0,0,0,0,0,0,0,0,0,0,0,0,0,0,0,0
0,0,0,0,0,0,0,0,0,0,0,0,0,0,0,0,0,0,0,0,0,0,0,0,0,0,0,0,0,0,0,0
0,0,0,0,0,0,0,0,0,0,0,0,0,0,0,0,0,0,0,0,0,0,0,0,0,0,0,0,0,0,0,0
0,0,0,0,0,0,0,0,0,0,0,0,0,0,0,0,0,0,0,0,0,0,0,0,0,0,0,0,0,0,0,0
101.4942909697999,93.71118044500405,80.23388005843812,80.99432885160779,67.59186011218314,62.21651834021795,50.31370190410066,46.31289085891809,43.23864880855459,32.15663746499548,28.87385693872765,30.4956908098728,23.29077811683799,14.71236106117745,8.445439454137638,6.955994798127828,10.69929737814243,4.04944647122476,7.851782751340824,3.619063182623685,0.73343550658806,3.51617668669243,2.738064311719407,1.293765693023589,1.218286478013808,0.3607129284467965,-0.4344215021439379,5.842393333229805,-3.286642936344299,-5.673035441709007,5.355726875774448,4.978657473129063
0,0,0,0,0,0,0,0,0,0,0,0,0,0,0,0,0,0,0,0,0,0,0,0,0,0,0,0,0,0,0,0
0,0,0,0,0,0,0,0,0,0,0,0,0,0,0,0,0,0,0,0,0,0,0,0,0,0,0,0,0,0,0,0
0,0,0,0,0,0,0,0,0,0,0,0,0,0,0,0,0,0,0,0,0,0,0,0,0,0,0,0,0,0,0,0
0,0,0,0,0,0,0,0,0,0,0,0,0,0,0,0,0,0,0,0,0,0,0,0,0,0,0,0,0,0,0,0
0,0,0,0,0,0,0,0,0,0,0,0,0,0,0,0,0,0,0,0,0,0,0,0,0,0,0,0,0,0,0,0
0,0,0,0,0,0,0,0,0,0,0,0,0,0,0,0,0,0,0,0,0,0,0,0,0,0,0,0,0,0,0,0
0,0,0,0,0,0,0,0,0,0,0,0,0,0,0,0,0,0,0,0,0,0,0,0,0,0,0,0,0,0,0,0
100.0443365412234,93.94761601660326,88.73117726298953,72.40442542361268,68.05204811155498,59.37082474766199,57.69376981930417,48.70250356991298,45.45993442401711,35.07925696306458,34.2527826508568,23.11095454163474,22.19529131572772,15.37116964162415,19.15448840947509,15.589745156052,9.393620388607429,3.352865030174702,2.004311288043536,3.179061014111587,6.561177753974908,-2.467018552265285,1.342966173700415,-2.399339821158486,5.790462679597923,0.4273110361818911,0.5033355591567554,9.108794711390901,1.423307716012009,-4.38093049729556,4.481524126742251,3.186627607218332
0,0,0,0,0,0,0,0,0,0,0,0,0,0,0,0,0,0,0,0,0,0,0,0,0,0,0,0,0,0,0,0
0,0,0,0,0,0,0,0,0,0,0,0,0,0,0,0,0,0,0,0,0,0,0,0,0,0,0,0,0,0,0,0
0,0,0,0,0,0,0,0,0,0,0,0,0,0,0,0,0,0,0,0,0,0,0,0,0,0,0,0,0,0,0,0
0,0,0,0,0,0,0,0,0,0,0,0,0,0,0,0,0,0,0,0,0,0,0,0,0,0,0,0,0,0,0,0
0,0,0,0,0,0,0,0,0,0,0,0,0,0,0,0,0,0,0,0,0,0,0,0,0,0,0,0,0,0,0,0
0,0,0,0,0,0,0,0,0,0,0,0,0,0,0,0,0,0,0,0,0,0,0,0,0,0,0,0,0,0,0,0
0,0,0,0,0,0,0,0,0,0,0,0,0,0,0,0,0,0,0,0,0,0,0,0,0,0,0,0,0,0,0,0
0,0,0,0,0,0,0,0,0,0,0,0,0,0,0,0,0,0,0,0,0,0,0,0,0,0,0,0,0,0,0,0
0,0,0,0,0,0,0,0,0,0,0,0,0,0,0,0,0,0,0,0,0,0,0,0,0,0,0,0,0,0,0,0
0,0,0,0,0,0,0,0,0,0,0,0,0,0,0,0,0,0,0,0,0,0,0,0,0,0,0,0,0,0,0,0
0,0,0,0,0,0,0,0,0,0,0,0,0,0,0,0,0,0,0,0,0,0,0,0,0,0,0,0,0,0,0,0
98.96376866814036,92.04232815042208,85.59941221455476,71.36841146396364,59.76142989815808,62.40842061576468,54.25167972721427,45.53017042252636,38.27641876652746,29.08390658947255,30.0183212655334,25.82362648806154,21.3162411484702,17.51792454333996,9.662008776202279,14.31912878228827,5.574576535136166,0.08973170423225785,3.507307715733361,-3.127767684096522,3.184368896725051,-1.830940239143059,8.755158139711055,-0.3271719983444297,5.285506464614331,-4.307624295092108,-1.390306918657589,3.817914555096471,0.500204562690747,-1.578083481330024,-0.6457201133504584,2.956019566415575
0,0,0,0,0,0,0,0,0,0,0,0,0,0,0,0,0,0,0,0,0,0,0,0,0,0,0,0,0,0,0,0
0,0,0,0,0,0,0,0,0,0,0,0,0,0,0,0,0,0,0,0,0,0,0,0,0,0,0,0,0,0,0,0
0,0,0,0,0,0,0,0,0,0,0,0,0,0,0,0,0,0,0,0,0,0,0,0,0,0,0,0,0,0,0,0
105.2311217955924,94.07537972768677,85.79841171405413,71.71695822475431,70.56983342761244,58.70617110895467,57.86957093947269,40.35029274020056,39.48815998965132,31.56855651588717,29.34075219432498,21.5641508642174,21.22181678111636,18.05701840010684,10.91178634822451,12.22349737448508,9.553332225354582,-0.7793576291254123,4.612414912193033,3.008031237644832,2.867743526206343,0.9502140355997684,-3.015576754380522,-2.267849959820663,-1.48781657575791,4.965986304592542,-6.508946119555695,-1.807238807764404,-3.06995050147615,4.246827905996176,2.997626286733827,7.289567614533063
0,0,0,0,0,0,0,0,0,0,0,0,0,0,0,0,0,0,0,0,0,0,0,0,0,0,0,0,0,0,0,0
0,0,0,0,0,0,0,0,0,0,0,0,0,0,0,0,0,0,0,0,0,0,0,0,0,0,0,0,0,0,0,0
0,0,0,0,0,0,0,0,0,0,0,0,0,0,0,0,0,0,0,0,0,0,0,0,0,0,0,0,0,0,0,0
0,0,0,0,0,0,0,0,0,0,0,0,0,0,0,0,0,0,0,0,0,0,0,0,0,0,0,0,0,0,0,0
0,0,0,0,0,0,0,0,0,0,0,0,0,0,0,0,0,0,0,0,0,0,0,0,0,0,0,0,0,0,0,0
0,0,0,0,0,0,0,0,0,0,0,0,0,0,0,0,0,0,0,0,0,0,0,0,0,0,0,0,0,0,0,0
0,0,0,0,0,0,0,0,0,0,0,0,0,0,0,0,0,0,0,0,0,0,0,0,0,0,0,0,0,0,0,0
100.7098326380553,96.1142208981677,84.47975675973075,71.60346875106711,68.14745158857977,62.52870652464225,54.07305879653009,43.13987893577042,40.7781808484316,33.14382147309173,28.96467133379633,20.78756340557851,15.48979391618876,15.85680800092536,11.0673687696124,8.428886103264821,7.046069156644888,2.140477994756067,1.91381283720293,3.37143290034003,7.262318211012184,-1.340655671509578,5.136411928951772,-0.8034800734769545,-0.127858713545739,-0.1290801449991503,-2.047771505626089,0.9919331380825975,-0.4668490826131518,-1.133957650313871,4.044826161452074,-3.552127989715602
0,0,0,0,0,0,0,0,0,0,0,0,0,0,0,0,0,0,0,0,0,0,0,0,0,0,0,0,0,0,0,0
0,0,0,0,0,0,0,0,0,0,0,0,0,0,0,0,0,0,0,0,0,0,0,0,0,0,0,0,0,0,0,0
0,0,0,0,0,0,0,0,0,0,0,0,0,0,0,0,0,0,0,0,0,0,0,0,0,0,0,0,0,0,0,0
0,0,0,0,0,0,0,0,0,0,0,0,0,0,0,0,0,0,0,0,0,0,0,0,0,0,0,0,0,0,0,0
0,0,0,0,0,0,0,0,0,0,0,0,0,0,0,0,0,0,0,0,0,0,0,0,0,0,0,0,0,0,0,0
0,0,0,0,0,0,0,0,0,0,0,0,0,0,0,0,0,0,0,0,0,0,0,0,0,0,0,0,0,0,0,0
0,0,0,0,0,0,0,0,0,0,0,0,0,0,0,0,0,0,0,0,0,0,0,0,0,0,0,0,0,0,0,0
101.1927722953717,88.22682631071747,83.15035866961391,81.09183501555897,63.16267328273827,57.92655443449738,51.5317371082493,41.48579378204156,39.4599886345349,28.42350857266606,22.75905932817889,23.47387529332884,15.73099002718269,14.33103120519293,5.898731290681666,7.139813281810071,7.020128896431216,2.427711490743228,6.846792490725404,-0.3962238968667924,8.132989118201371,3.080917517750936,1.882773904122353,6.843446466903965,0.5123868214915379,-0.549711006057312,0.2498993826446892,2.342030366776773,-5.060240869322473,-2.172211800515794,0.6584858685703571,3.295584195816691
0,0,0,0,0,0,0,0,0,0,0,0,0,0,0,0,0,0,0,0,0,0,0,0,0,0,0,0,0,0,0,0
0,0,0,0,0,0,0,0,0,0,0,0,0,0,0,0,0,0,0,0,0,0,0,0,0,0,0,0,0,0,0,0
0,0,0,0,0,0,0,0,0,0,0,0,0,0,0,0,0,0,0,0,0,0,0,0,0,0,0,0,0,0,0,0
102.8280015555437,93.21030259962855,80.14959039477944,71.73323396879647,71.58747738105954,58.53838365910261,49.49810825909126,41.83993149838815,33.50002095451669,32.70787050922192,29.70607714154794,24.41682043422438,19.5288687595093,16.45399501471945,12.57199554528772,4.666322711573647,5.431810839243103,7.150170494247298,2.823422763499612,-1.264971273018435,-0.3102761557777929,-0.479001169564321,-3.797328026250048,2.984056797557618,-2.349905483594447,6.545325828305097,0.350976139067981,-0.3022837565877453,2.635544739397748,1.68684343037565,-2.570676344072068,-3.199475452443397
0,0,0,0,0,0,0,0,0,0,0,0,0,0,0,0,0,0,0,0,0,0,0,0,0,0,0,0,0,0,0,0
0,0,0,0,0,0,0,0,0,0,0,0,0,0,0,0,0,0,0,0,0,0,0,0,0,0,0,0,0,0,0,0
0,0,0,0,0,0,0,0,0,0,0,0,0,0,0,0,0,0,0,0,0,0,0,0,0,0,0,0,0,0,0,0
0,0,0,0,0,0,0,0,0,0,0,0,0,0,0,0,0,0,0,0,0,0,0,0,0,0,0,0,0,0,0,0
0,0,0,0,0,0,0,0,0,0,0,0,0,0,0,0,0,0,0,0,0,0,0,0,0,0,0,0,0,0,0,0
0,0,0,0,0,0,0,0,0,0,0,0,0,0,0,0,0,0,0,0,0,0,0,0,0,0,0,0,0,0,0,0
0,0,0,0,0,0,0,0,0,0,0,0,0,0,0,0,0,0,0,0,0,0,0,0,0,0,0,0,0,0,0,0
100.8024254533286,92.96017949121267,80.54810526401978,69.63720069016863,67.88262559036657,62.62948851643377,51.55303213604918,47.66063050246036,37.61745103383255,32.13114092503844,23.3544804533498,23.74840450187669,18.85136811343174,12.88648825382961,11.46825418105488,8.229948337389544,0.7844542992286545,7.969839305944322,-3.32710954359526,5.638092821631682,-2.747108131052197,4.440938998927524,2.637844715225103,-0.2598691843481059,-1.664898801468437,3.861083857993045,3.993257923399634,3.916784822130281,-0.5566692810348119,0.1227534889876029,5.920929175070536,0.1247961054135867
0,0,0,0,0,0,0,0,0,0,0,0,0,0,0,0,0,0,0,0,0,0,0,0,0,0,0,0,0,0,0,0
0,0,0,0,0,0,0,0,0,0,0,0,0,0,0,0,0,0,0,0,0,0,0,0,0,0,0,0,0,0,0,0
0,0,0,0,0,0,0,0,0,0,0,0,0,0,0,0,0,0,0,0,0,0,0,0,0,0,0,0,0,0,0,0
0,0,0,0,0,0,0,0,0,0,0,0,0,0,0,0,0,0,0,0,0,0,0,0,0,0,0,0,0,0,0,0
0,0,0,0,0,0,0,0,0,0,0,0,0,0,0,0,0,0,0,0,0,0,0,0,0,0,0,0,0,0,0,0
0,0,0,0,0,0,0,0,0,0,0,0,0,0,0,0,0,0,0,0,0,0,0,0,0,0,0,0,0,0,0,0
0,0,0,0,0,0,0,0,0,0,0,0,0,0,0,0,0,0,0,0,0,0,0,0,0,0,0,0,0,0,0,0
98.44863159373132,92.30853894620529,80.74348891882403,75.84944613731447,62.85068754971555,54.38934201856697,55.89501910024858,37.76682433044638,29.63659541638584,31.38654532012277,26.11919532830241,16.73669934505223,14.50225827096926,11.914972700511,5.535233464634267,6.540031134747354,1.329656025796563,5.047078236520878,5.629696523506812,5.204398526142549,1.319804376735479,-0.4328732851219202,1.06275828200502,6.415075255780238,1.354996547474705,4.825466034740113,0.5100284141537369,-2.042794724123789,-3.08255930014584,-3.182921645681843,-3.676890016416626,1.46218566730002
0,0,0,0,0,0,0,0,0,0,0,0,0,0,0,0,0,0,0,0,0,0,0,0,0,0,0,0,0,0,0,0
0,0,0,0,0,0,0,0,0,0,0,0,0,0,0,0,0,0,0,0,0,0,0,0,0,0,0,0,0,0,0,0
0,0,0,0,0,0,0,0,0,0,0,0,0,0,0,0,0,0,0,0,0,0,0,0,0,0,0,0,0,0,0,0
95.50130113882062,92.69100888488354,88.00060363739014,70.47315153943117,63.31126511440458,58.951973223332,49.38118979717042,36.87456790461502,31.90808184332615,27.88098991764587,23.61663712105764,19.95762259687775,15.66869464917913,14.44055016885176,5.779288824175055,8.49717258427283,-0.8795362528196184,3.868029478811012,3.693681209517293,4.688753617951944,2.413422282816185,3.274294559999752,-7.778240342190585,-0.8204309177439142,2.971612985556557,2.223979531677851,-1.757312225316621,-0.8489825797180635,4.334877633046522,-0.3358228730201804,-3.072459931635179,6.041469490127336
0,0,0,0,0,0,0,0,0,0,0,0,0,0,0,0,0,0,0,0,0,0,0,0,0,0,0,0,0,0,0,0
0,0,0,0,0,0,0,0,0,0,0,0,0,0,0,0,0,0,0,0,0,0,0,0,0,0,0,0,0,0,0,0
0,0,0,0,0,0,0,0,0,0,0,0,0,0,0,0,0,0,0,0,0,0,0,0,0,0,0,0,0,0,0,0
94.59843130371893,86.3820879671658,79.70113330492779,71.68404198048566,60.53121017828123,59.44228985124131,46.76474386093677,39.13869835004837,32.88912098239105,28.53970937583767,22.31989313381933,20.84124379650736,14.37193970211698,7.585968197693137,10.61532325164512,5.907388160423384,4.467265927347787,1.195517568592632,-0.811341199056584,3.839282404743454,3.305605192659801,-1.884739651240728,2.286799741525263,5.091315449172896,-0.8840157684269576,-0.7252858082863604,7.352289950569049,-0.1989689153967598,-0.4849495341985838,-3.558565361125152,0.5727310582952975,1.085490198493788
0,0,0,0,0,0,0,0,0,0,0,0,0,0,0,0,0,0,0,0,0,0,0,0,0,0,0,0,0,0,0,0
0,0,0,0,0,0,0,0,0,0,0,0,0,0,0,0,0,0,0,0,0,0,0,0,0,0,0,0,0,0,0,0
0,0,0,0,0,0,0,0,0,0,0,0,0,0,0,0,0,0,0,0,0,0,0,0,0,0,0,0,0,0,0,0
98.07718508989718,98.07060706557807,83.45469195392822,70.00981313900368,62.80993351936014,54.45008722190015,46.15230149643491,41.00733638387321,30.46162813835311,26.67445198685281,23.50980737600642,20.17930413076626,15.2878104715555,5.351755598631796,5.950292594981697,11.68871335333821,7.638138919542524,3.211496314220608,-1.027617543516284,2.185856440426337,-3.449177395837578,-0.5086237008395991,2.184702381864372,5.529919005506096,-2.567485111610825,2.332862318664196,-4.825466739517321,0.7390608374174747,-4.851167159481871,0.8779139489779348,5.120116927823732,2.217056930582138
0,0,0,0,0,0,0,0,0,0,0,0,0,0,0,0,0,0,0,0,0,0,0,0,0,0,0,0,0,0,0,0
0,0,0,0,0,0,0,0,0,0,0,0,0,0,0,0,0,0,0,0,0,0,0,0,0,0,0,0,0,0,0,0
0,0,0,0,0,0,0,0,0,0,0,0,0,0,0,0,0,0,0,0,0,0,0,0,0,0,0,0,0,0,0,0
0,0,0,0,0,0,0,0,0,0,0,0,0,0,0,0,0,0,0,0,0,0,0,0,0,0,0,0,0,0,0,0
0,0,0,0,0,0,0,0,0,0,0,0,0,0,0,0,0,0,0,0,0,0,0,0,0,0,0,0,0,0,0,0
0,0,0,0,0,0,0,0,0,0,0,0,0,0,0,0,0,0,0,0,0,0,0,0,0,0,0,0,0,0,0,0
0,0,0,0,0,0,0,0,0,0,0,0,0,0,0,0,0,0,0,0,0,0,0,0,0,0,0,0,0,0,0,0
0,0,0,0,0,0,0,0,0,0,0,0,0,0,0,0,0,0,0,0,0,0,0,0,0,0,0,0,0,0,0,0
0,0,0,0,0,0,0,0,0,0,0,0,0,0,0,0,0,0,0,0,0,0,0,0,0,0,0,0,0,0,0,0
0,0,0,0,0,0,0,0,0,0,0,0,0,0,0,0,0,0,0,0,0,0,0,0,0,0,0,0,0,0,0,0
0,0,0,0,0,0,0,0,0,0,0,0,0,0,0,0,0,0,0,0,0,0,0,0,0,0,0,0,0,0,0,0
0,0,0,0,0,0,0,0,0,0,0,0,0,0,0,0,0,0,0,0,0,0,0,0,0,0,0,0,0,0,0,0
0,0,0,0,0,0,0,0,0,0,0,0,0,0,0,0,0,0,0,0,0,0,0,0,0,0,0,0,0,0,0,0
0,0,0,0,0,0,0,0,0,0,0,0,0,0,0,0,0,0,0,0,0,0,0,0,0,0,0,0,0,0,0,0
0,0,0,0,0,0,0,0,0,0,0,0,0,0,0,0,0,0,0,0,0,0,0,0,0,0,0,0,0,0,0,0
96.29465325486116,87.67797894484573,83.24158201038657,71.01342224590411,62.04296675446146,56.21877152578956,42.28351225157513,35.51903664588776,29.03802761047849,26.55625227988561,23.88665564199938,20.8557615505051,14.88378533971224,8.031878382332554,6.957296317117369,1.17719464394963,5.554659044698799,0.5556858335589299,2.452906219306158,1.907517193769907,7.131478449292064,0.6373766375976311,-4.326357242227426,-0.8286717529078118,3.200909102799571,0.8510722080851222,-3.055079171319466,3.561444203910379,2.389336088713107,-3.453940245960144,-0.309783372232222,2.646208979135308
0,0,0,0,0,0,0,0,0,0,0,0,0,0,0,0,0,0,0,0,0,0,0,0,0,0,0,0,0,0,0,0
0,0,0,0,0,0,0,0,0,0,0,0,0,0,0,0,0,0,0,0,0,0,0,0,0,0,0,0,0,0,0,0
0,0,0,0,0,0,0,0,0,0,0,0,0,0,0,0,0,0,0,0,0,0,0,0,0,0,0,0,0,0,0,0
103.4479174604995,90.95937474944195,79.88510793720046,66.88130665233794,60.15136897717545,43.58984151306373,43.56610968107253,32.09004160482309,34.89066337362107,22.51850362380802,14.50907032401458,18.42498720594133,16.28583194524746,2.882522733747756,5.433834724506073,1.883652995172764,0.730102904108227,-0.7405896528104585,3.508282033278862,1.21724025173835,1.232377761667811,-0.9661905024770102,-2.283512527924308,1.381308464032337,-0.06401829710748101,-0.7652022831667504,-3.975551750194386,1.140284325092784,-3.242460854464168,-5.470482981580567,-1.117244466624748,-1.718508175933747
0,0,0,0,0,0,0,0,0,0,0,0,0,0,0,0,0,0,0,0,0,0,0,0,0,0,0,0,0,0,0,0
0,0,0,0,0,0,0,0,0,0,0,0,0,0,0,0,0,0,0,0,0,0,0,0,0,0,0,0,0,0,0,0
0,0,0,0,0,0,0,0,0,0,0,0,0,0,0,0,0,0,0,0,0,0,0,0,0,0,0,0,0,0,0,0
103.7409034703699,86.36212135528287,83.1861629444319,68.76237846899224,61.98346508162034,51.40989674289875,39.18928061844113,29.99550606090123,27.06093910414538,25.38827305244006,16.46079884530621,15.27993147076475,15.13068746403728,7.121086825935693,2.175280959696994,-2.140265335428872,3.190602585042461,-0.9536106981941403,5.511084046193996,4.115584434563416,-3.441937787186043,0.06882888849555313,2.232311929256677,8.216744608777237,-2.380475389859293,3.767358973618669,2.701073392436601,-0.1247536658272569,-6.55987210229735,0.9637603158980582,0.5254121971581173,0.2028564962251521
0,0,0,0,0,0,0,0,0,0,0,0,0,0,0,0,0,0,0,0,0,0,0,0,0,0,0,0,0,0,0,0
0,0,0,0,0,0,0,0,0,0,0,0,0,0,0,0,0,0,0,0,0,0,0,0,0,0,0,0,0,0,0,0
0,0,0,0,0,0,0,0,0,0,0,0,0,0,0,0,0,0,0,0,0,0,0,0,0,0,0,0,0,0,0,0
0,0,0,0,0,0,0,0,0,0,0,0,0,0,0,0,0,0,0,0,0,0,0,0,0,0,0,0,0,0,0,0
0,0,0,0,0,0,0,0,0,0,0,0,0,0,0,0,0,0,0,0,0,0,0,0,0,0,0,0,0,0,0,0
0,0,0,0,0,0,0,0,0,0,0,0,0,0,0,0,0,0,0,0,0,0,0,0,0,0,0,0,0,0,0,0
0,0,0,0,0,0,0,0,0,0,0,0,0,0,0,0,0,0,0,0,0,0,0,0,0,0,0,0,0,0,0,0
102.1632244409848,87.49885939697936,75.1776048141576,65.66662295029607,59.60497688066332,52.92708233347115,39.91605446738149,37.86101553496936,26.13391056939991,22.22485265583447,16.88141976782421,11.50452554694749,11.08958536042312,6.89809753476719,2.054725169357544,2.239219791405345,-0.461290895035817,5.295637589980831,0.895576658786122,4.780197643417792,0.1804688206718564,0.9941212215811256,-1.775034621188937,0.8987269001878877,2.13980818088818,1.315489074416437,0.2443492501892502,2.432499508726834,6.154321127496642,4.029269186300382,3.601520470394525,1.751159251371896
0,0,0,0,0,0,0,0,0,0,0,0,0,0,0,0,0,0,0,0,0,0,0,0,0,0,0,0,0,0,0,0
0,0,0,0,0,0,0,0,0,0,0,0,0,0,0,0,0,0,0,0,0,0,0,0,0,0,0,0,0,0,0,0
0,0,0,0,0,0,0,0,0,0,0,0,0,0,0,0,0,0,0,0,0,0,0,0,0,0,0,0,0,0,0,0
101.2726256207281,91.05525192181896,78.8554564491902,67.43643884433696,61.75769819202832,57.06923592090826,44.30324673602212,32.89291101657128,29.96837841577382,26.36424400984009,15.2164480475347,19.47216075702163,5.009068659232913,6.784827655597051,7.534310040197093,8.066594186720017,1.269864224172089,-2.003013080299993,5.398272064240276,3.309661188573275,1.01941262334174,0.9898628848856209,-2.088354217956281,-2.938382069309426,-2.910944685576425,3.078485610148631,0.4117030180663694,6.277428013902504,0.5654476794787894,-3.607446043705446,0.8139017193287456,2.708371924555127
0,0,0,0,0,0,0,0,0,0,0,0,0,0,0,0,0,0,0,0,0,0,0,0,0,0,0,0,0,0,0,0
0,0,0,0,0,0,0,0,0,0,0,0,0,0,0,0,0,0,0,0,0,0,0,0,0,0,0,0,0,0,0,0
0,0,0,0,0,0,0,0,0,0,0,0,0,0,0,0,0,0,0,0,0,0,0,0,0,0,0,0,0,0,0,0
0,0,0,0,0,0,0,0,0,0,0,0,0,0,0,0,0,0,0,0,0,0,0,0,0,0,0,0,0,0,0,0
0,0,0,0,0,0,0,0,0,0,0,0,0,0,0,0,0,0,0,0,0,0,0,0,0,0,0,0,0,0,0,0
0,0,0,0,0,0,0,0,0,0,0,0,0,0,0,0,0,0,0,0,0,0,0,0,0,0,0,0,0,0,0,0
0,0,0,0,0,0,0,0,0,0,0,0,0,0,0,0,0,0,0,0,0,0,0,0,0,0,0,0,0,0,0,0
99.52378912955994,86.55747975769604,78.033292895638,69.79809580703886,55.18775233669191,51.21888247706077,38.56041637051908,27.58002762642037,22.68873101052647,20.4063088705532,15.78111500385976,9.735895637474009,9.841782553155907,9.400328524418436,4.84230775174902,3.096950792537943,4.792091178455318,2.276775346754813,3.947701593972983,-0.3767800577143934,2.248234271320007,1.982550628007871,1.745238466393906,0.7126476080405379,3.620394839439082,-0.02950352661065947,-2.305101260939094,-3.32346010802277,-2.40933404839624,-0.2561250956124936,-4.128685923939312,-2.887850159057996
0,0,0,0,0,0,0,0,0,0,0,0,0,0,0,0,0,0,0,0,0,0,0,0,0,0,0,0,0,0,0,0
0,0,0,0,0,0,0,0,0,0,0,0,0,0,0,0,0,0,0,0,0,0,0,0,0,0,0,0,0,0,0,0
0,0,0,0,0,0,0,0,0,0,0,0,0,0,0,0,0,0,0,0,0,0,0,0,0,0,0,0,0,0,0,0
100.0532979059691,89.13360374955234,76.86447584651454,66.16936413609517,57.50035818921176,43.19802594475416,41.18969573802997,29.90855547981017,24.7183231368727,16.54435888260844,14.91370492561888,14.3699239472443,11.66886015368423,8.704255283477661,3.181466446363811,2.252483331678637,2.507596293802519,3.864174874154731,4.2164362366957,2.434928602955122,0.9076480977147309,6.365564520111325,-0.4487115956467722,-6.448759540777969,-2.368727616369129,-6.827488434670141,1.837784539510602,-0.7456902358428661,-1.769211061616413,2.648810114345234,-2.061258346059768,-0.6553745818350301
0,0,0,0,0,0,0,0,0,0,0,0,0,0,0,0,0,0,0,0,0,0,0,0,0,0,0,0,0,0,0,0
0,0,0,0,0,0,0,0,0,0,0,0,0,0,0,0,0,0,0,0,0,0,0,0,0,0,0,0,0,0,0,0
0,0,0,0,0,0,0,0,0,0,0,0,0,0,0,0,0,0,0,0,0,0,0,0,0,0,0,0,0,0,0,0
0,0,0,0,0,0,0,0,0,0,0,0,0,0,0,0,0,0,0,0,0,0,0,0,0,0,0,0,0,0,0,0
0,0,0,0,0,0,0,0,0,0,0,0,0,0,0,0,0,0,0,0,0,0,0,0,0,0,0,0,0,0,0,0
0,0,0,0,0,0,0,0,0,0,0,0,0,0,0,0,0,0,0,0,0,0,0,0,0,0,0,0,0,0,0,0
0,0,0,0,0,0,0,0,0,0,0,0,0,0,0,0,0,0,0,0,0,0,0,0,0,0,0,0,0,0,0,0
100.463248915887,85.32020938478064,74.41380235513144,68.30437148269806,57.99422222245511,48.90736720775699,36.48801218374408,26.83550464630721,19.28937771913805,19.75623615494165,16.34648273553621,14.07267214748163,1.177196601503046,6.568924108497356,0.09000965831237684,3.498868462555524,-5.427979216992256,3.949870095511578,-1.221483162240996,2.088069239197776,3.339045549761766,5.485594773975956,-3.136020363766582,-4.189114304714666,1.517819229678244,1.171340813677152,-3.598624276615418,-5.478939427460229,-4.800377023432056,0.3161806301620029,-1.760916240968164,-1.420003518156403
0,0,0,0,0,0,0,0,0,0,0,0,0,0,0,0,0,0,0,0,0,0,0,0,0,0,0,0,0,0,0,0
0,0,0,0,0,0,0,0,0,0,0,0,0,0,0,0,0,0,0,0,0,0,0,0,0,0,0,0,0,0,0,0
0,0,0,0,0,0,0,0,0,0,0,0,0,0,0,0,0,0,0,0,0,0,0,0,0,0,0,0,0,0,0,0
0,0,0,0,0,0,0,0,0,0,0,0,0,0,0,0,0,0,0,0,0,0,0,0,0,0,0,0,0,0,0,0
0,0,0,0,0,0,0,0,0,0,0,0,0,0,0,0,0,0,0,0,0,0,0,0,0,0,0,0,0,0,0,0
0,0,0,0,0,0,0,0,0,0,0,0,0,0,0,0,0,0,0,0,0,0,0,0,0,0,0,0,0,0,0,0
0,0,0,0,0,0,0,0,0,0,0,0,0,0,0,0,0,0,0,0,0,0,0,0,0,0,0,0,0,0,0,0
97.1710156155933,86.96540807863275,75.10254880745559,68.24113868502432,56.22480989104248,43.522779015515,37.68050227289983,27.86703187986705,16.15449713773192,12.57092374754345,12.33570638204296,14.0976525100154,5.509377694763669,3.099536523087087,-0.7002785316542912,2.894549337123861,3.9084695538158,2.287873044229431,4.601134593682467,10.31211304948836,0.5882749807009133,3.91681835452549,-2.069562982560758,1.699927336057905,1.438746827778301,2.636676065720375,3.99970993469507,2.390796472296944,-0.4792618173530902,0.4885917537084042,-1.819176866826771,-0.03543644590766482
0,0,0,0,0,0,0,0,0,0,0,0,0,0,0,0,0,0,0,0,0,0,0,0,0,0,0,0,0,0,0,0
0,0,0,0,0,0,0,0,0,0,0,0,0,0,0,0,0,0,0,0,0,0,0,0,0,0,0,0,0,0,0,0
0,0,0,0,0,0,0,0,0,0,0,0,0,0,0,0,0,0,0,0,0,0,0,0,0,0,0,0,0,0,0,0
0,0,0,0,0,0,0,0,0,0,0,0,0,0,0,0,0,0,0,0,0,0,0,0,0,0,0,0,0,0,0,0
0,0,0,0,0,0,0,0,0,0,0,0,0,0,0,0,0,0,0,0,0,0,0,0,0,0,0,0,0,0,0,0
0,0,0,0,0,0,0,0,0,0,0,0,0,0,0,0,0,0,0,0,0,0,0,0,0,0,0,0,0,0,0,0
0,0,0,0,0,0,0,0,0,0,0,0,0,0,0,0,0,0,0,0,0,0,0,0,0,0,0,0,0,0,0,0
96.52487446856733,87.24356598824811,71.21339086164986,59.80225749104657,51.20250851526816,38.8064239247044,35.9447937875961,27.1564672970167,15.95465897283342,13.91595727990267,10.4966065871289,8.279064980112112,4.196605543444074,3.728245516963673,0.4560537653853345,2.713795380500998,-3.982523174800156,-1.295640417287145,2.705463130525471,-0.2802141866802451,4.390337906550086,3.681910991308556,2.96991815891559,0.6446222908884971,1.946214555814246,2.773141857569426,-1.851011805812901,0.3975927006598747,1.246711570876989,0.73126401230228,0.8757488886206541,-4.275728874530706
0,0,0,0,0,0,0,0,0,0,0,0,0,0,0,0,0,0,0,0,0,0,0,0,0,0,0,0,0,0,0,0
0,0,0,0,0,0,0,0,0,0,0,0,0,0,0,0,0,0,0,0,0,0,0,0,0,0,0,0,0,0,0,0
0,0,0,0,0,0,0,0,0,0,0,0,0,0,0,0,0,0,0,0,0,0,0,0,0,0,0,0,0,0,0,0
99.08072788930414,80.3199048876303,72.19163017271227,61.31502919063437,55.42683966203007,34.23311171441314,27.49474306556321,26.36690175305264,18.20804472358183,12.27148487587416,8.740153361915322,9.542414537992194,1.601628530393702,4.265655701764734,-0.7501258564203634,-5.321717765169185,1.363829190489017,0.9114050771608824,-1.470539378724172,1.096379076164239,5.827531619868808,2.158144949513346,0.4943391739514648,-1.652182381316255,-0.5918677627752705,-2.619368761548055,-0.3508384208555368,4.158743596230596,2.862169141047821,2.450496197064841,4.318140106920558,-0.2177769927405542
0,0,0,0,0,0,0,0,0,0,0,0,0,0,0,0,0,0,0,0,0,0,0,0,0,0,0,0,0,0,0,0
0,0,0,0,0,0,0,0,0,0,0,0,0,0,0,0,0,0,0,0,0,0,0,0,0,0,0,0,0,0,0,0
0,0,0,0,0,0,0,0,0,0,0,0,0,0,0,0,0,0,0,0,0,0,0,0,0,0,0,0,0,0,0,0
0,0,0,0,0,0,0,0,0,0,0,0,0,0,0,0,0,0,0,0,0,0,0,0,0,0,0,0,0,0,0,0
0,0,0,0,0,0,0,0,0,0,0,0,0,0,0,0,0,0,0,0,0,0,0,0,0,0,0,0,0,0,0,0
0,0,0,0,0,0,0,0,0,0,0,0,0,0,0,0,0,0,0,0,0,0,0,0,0,0,0,0,0,0,0,0
0,0,0,0,0,0,0,0,0,0,0,0,0,0,0,0,0,0,0,0,0,0,0,0,0,0,0,0,0,0,0,0
0,0,0,0,0,0,0,0,0,0,0,0,0,0,0,0,0,0,0,0,0,0,0,0,0,0,0,0,0,0,0,0
0,0,0,0,0,0,0,0,0,0,0,0,0,0,0,0,0,0,0,0,0,0,0,0,0,0,0,0,0,0,0,0
0,0,0,0,0,0,0,0,0,0,0,0,0,0,0,0,0,0,0,0,0,0,0,0,0,0,0,0,0,0,0,0
0,0,0,0,0,0,0,0,0,0,0,0,0,0,0,0,0,0,0,0,0,0,0,0,0,0,0,0,0,0,0,0
97.85945381730504,85.67837059033597,78.93740890985073,65.0951818195973,51.43955931552972,35.61490403810081,29.78222876472786,24.16903751052386,12.52482290053764,12.10569963077483,4.062968813911298,5.536682087147584,3.891238908381458,-0.464670118740508,6.835454161175472,1.957649626180427,0.9375064677058095,-0.1695012533995642,3.499174783404112,-0.1941679692706801,3.184248250456719,-0.02470273028386812,1.438582399393423,-4.219745921502142,1.742685261336349,7.434275761195245,-3.301483028894721,-1.502699676826034,-3.565848317918693,2.205898129312802,1.121423807282715,-5.056308533117431
0,0,0,0,0,0,0,0,0,0,0,0,0,0,0,0,0,0,0,0,0,0,0,0,0,0,0,0,0,0,0,0
0,0,0,0,0,0,0,0,0,0,0,0,0,0,0,0,0,0,0,0,0,0,0,0,0,0,0,0,0,0,0,0
0,0,0,0,0,0,0,0,0,0,0,0,0,0,0,0,0,0,0,0,0,0,0,0,0,0,0,0,0,0,0,0
100.2350805345703,88.30187183326841,70.36842243530789,62.30306115860414,49.31235369702555,39.57652829442657,28.43515581384174,23.18980381091485,15.24425195972956,7.619418204000667,7.186774092252735,9.785543108107831,1.232702117200287,8.963869792954506,4.914786027587352,-0.1556534467973498,2.527947047166821,1.045295854198758,-8.445756121041214,-0.6473477936356902,3.780933457366328,1.956552237242271,-2.978249852464688,2.034734531331563,0.6812439080687754,-0.7098487052601038,5.850485568436259,-0.6034917613680592,-3.058731086466289,2.098647791623213,0.1985507820260033,3.74744889823283
0,0,0,0,0,0,0,0,0,0,0,0,0,0,0,0,0,0,0,0,0,0,0,0,0,0,0,0,0,0,0,0
0,0,0,0,0,0,0,0,0,0,0,0,0,0,0,0,0,0,0,0,0,0,0,0,0,0,0,0,0,0,0,0
0,0,0,0,0,0,0,0,0,0,0,0,0,0,0,0,0,0,0,0,0,0,0,0,0,0,0,0,0,0,0,0
99.60597753110964,81.61588768225147,71.47600183010593,58.69047727258423,43.54359798724072,32.76870268005263,29.68473171189182,18.30856991823617,14.79497026676689,7.747689485606327,4.84063846246529,4.212865372617894,5.343497286881076,2.58050713272621,-1.160327783719314,-0.07857028612057498,-5.295421032149203,-1.593119953046794,-3.880513039466133,3.189671207707212,-1.335086578001324,6.096784478530081,-2.387248829706739,5.572421582969567,-4.974104470631445,1.331417943193298,1.72688844595755,-2.094773109949901,4.643652183463053,2.741465292874871,-2.468347217645272,-1.055261191167859
0,0,0,0,0,0,0,0,0,0,0,0,0,0,0,0,0,0,0,0,0,0,0,0,0,0,0,0,0,0,0,0
0,0,0,0,0,0,0,0,0,0,0,0,0,0,0,0,0,0,0,0,0,0,0,0,0,0,0,0,0,0,0,0
0,0,0,0,0,0,0,0,0,0,0,0,0,0,0,0,0,0,0,0,0,0,0,0,0,0,0,0,0,0,0,0
0,0,0,0,0,0,0,0,0,0,0,0,0,0,0,0,0,0,0,0,0,0,0,0,0,0,0,0,0,0,0,0
0,0,0,0,0,0,0,0,0,0,0,0,0,0,0,0,0,0,0,0,0,0,0,0,0,0,0,0,0,0,0,0
0,0,0,0,0,0,0,0,0,0,0,0,0,0,0,0,0,0,0,0,0,0,0,0,0,0,0,0,0,0,0,0
0,0,0,0,0,0,0,0,0,0,0,0,0,0,0,0,0,0,0,0,0,0,0,0,0,0,0,0,0,0,0,0
101.2804335189999,86.80753825247818,64.88742603936596,55.30177160711526,42.61331924064575,31.90648435834615,28.2529465154933,17.71251081032113,11.65061072141802,7.963123493370425,1.941050743938517,3.484220232642866,-0.3162912229705512,-0.6367110700715412,0.9073002402125511,2.832178836509464,0.4794547359080007,0.8944971146913494,-0.2528314833920798,-2.725120301772863,-0.316913130038279,5.436768759387223,-0.2938010499476515,1.402529356218309,3.895229616038728,2.169077831169312,-2.701245741662676,3.920755112423697,1.118033751039444,-2.246694200648292,4.474150075466509,-4.654004533146134
0,0,0,0,0,0,0,0,0,0,0,0,0,0,0,0,0,0,0,0,0,0,0,0,0,0,0,0,0,0,0,0
0,0,0,0,0,0,0,0,0,0,0,0,0,0,0,0,0,0,0,0,0,0,0,0,0,0,0,0,0,0,0,0
0,0,0,0,0,0,0,0,0,0,0,0,0,0,0,0,0,0,0,0,0,0,0,0,0,0,0,0,0,0,0,0
0,0,0,0,0,0,0,0,0,0,0,0,0,0,0,0,0,0,0,0,0,0,0,0,0,0,0,0,0,0,0,0
0,0,0,0,0,0,0,0,0,0,0,0,0,0,0,0,0,0,0,0,0,0,0,0,0,0,0,0,0,0,0,0
0,0,0,0,0,0,0,0,0,0,0,0,0,0,0,0,0,0,0,0,0,0,0,0,0,0,0,0,0,0,0,0
0,0,0,0,0,0,0,0,0,0,0,0,0,0,0,0,0,0,0,0,0,0,0,0,0,0,0,0,0,0,0,0
0,0,0,0,0,0,0,0,0,0,0,0,0,0,0,0,0,0,0,0,0,0,0,0,0,0,0,0,0,0,0,0
0,0,0,0,0,0,0,0,0,0,0,0,0,0,0,0,0,0,0,0,0,0,0,0,0,0,0,0,0,0,0,0
0,0,0,0,0,0,0,0,0,0,0,0,0,0,0,0,0,0,0,0,0,0,0,0,0,0,0,0,0,0,0,0
0,0,0,0,0,0,0,0,0,0,0,0,0,0,0,0,0,0,0,0,0,0,0,0,0,0,0,0,0,0,0,0
0,0,0,0,0,0,0,0,0,0,0,0,0,0,0,0,0,0,0,0,0,0,0,0,0,0,0,0,0,0,0,0
0,0,0,0,0,0,0,0,0,0,0,0,0,0,0,0,0,0,0,0,0,0,0,0,0,0,0,0,0,0,0,0
0,0,0,0,0,0,0,0,0,0,0,0,0,0,0,0,0,0,0,0,0,0,0,0,0,0,0,0,0,0,0,0
0,0,0,0,0,0,0,0,0,0,0,0,0,0,0,0,0,0,0,0,0,0,0,0,0,0,0,0,0,0,0,0
0,0,0,0,0,0,0,0,0,0,0,0,0,0,0,0,0,0,0,0,0,0,0,0,0,0,0,0,0,0,0,0
0,0,0,0,0,0,0,0,0,0,0,0,0,0,0,0,0,0,0,0,0,0,0,0,0,0,0,0,0,0,0,0
0,0,0,0,0,0,0,0,0,0,0,0,0,0,0,0,0,0,0,0,0,0,0,0,0,0,0,0,0,0,0,0
0,0,0,0,0,0,0,0,0,0,0,0,0,0,0,0,0,0,0,0,0,0,0,0,0,0,0,0,0,0,0,0
101.5017374009287,81.13028056731848,58.38543566555509,43.60525928221169,32.12239825863207,21.11871577442835,13.25718140664804,5.412960212555993,3.852855411404867,0.5494256781449325,6.009336735026482,-4.581789937015266,5.418387889383685,1.40933983364216,2.394942323784957,-2.379526152107339,3.107103732478182,-4.559029051947609,0.2254534000478883,-0.1554833706007546,2.931818261041735,-6.169272521548221,-0.9409779216987824,0.6217924553509244,4.200788787603583,-2.532368036352295,-2.622264869263877,3.461282075764043,-0.2471909375220597,1.155114180692286,2.620157046730209,1.018318353021391
0,0,0,0,0,0,0,0,0,0,0,0,0,0,0,0,0,0,0,0,0,0,0,0,0,0,0,0,0,0,0,0
0,0,0,0,0,0,0,0,0,0,0,0,0,0,0,0,0,0,0,0,0,0,0,0,0,0,0,0,0,0,0,0
0,0,0,0,0,0,0,0,0,0,0,0,0,0,0,0,0,0,0,0,0,0,0,0,0,0,0,0,0,0,0,0
101.5312927373396,77.31647370366883,61.31933377272245,45.03591753399422,34.66093851380653,15.81566982546032,14.71198410876853,6.540137334457057,0.6446959413106796,0.516289981646374,1.78292526818145,6.567256204549023,-1.425317917110417,4.251129024813896,1.762073004694306,3.095283044242499,0.01135990442293881,3.385260043664226,3.17902865920464,2.547228576374859,6.253710612954707,-3.039113152050778,1.140825677033117,-0.4848688763657238,-0.5707881944055446,1.095237638789472,-1.112220249038671,-1.161553485681915,2.265138548180858,2.470142667113032,-4.152166091480611,-0.2672449496671168
0,0,0,0,0,0,0,0,0,0,0,0,0,0,0,0,0,0,0,0,0,0,0,0,0,0,0,0,0,0,0,0
0,0,0,0,0,0,0,0,0,0,0,0,0,0,0,0,0,0,0,0,0,0,0,0,0,0,0,0,0,0,0,0
0,0,0,0,0,0,0,0,0,0,0,0,0,0,0,0,0,0,0,0,0,0,0,0,0,0,0,0,0,0,0,0
0,0,0,0,0,0,0,0,0,0,0,0,0,0,0,0,0,0,0,0,0,0,0,0,0,0,0,0,0,0,0,0
0,0,0,0,0,0,0,0,0,0,0,0,0,0,0,0,0,0,0,0,0,0,0,0,0,0,0,0,0,0,0,0
0,0,0,0,0,0,0,0,0,0,0,0,0,0,0,0,0,0,0,0,0,0,0,0,0,0,0,0,0,0,0,0
0,0,0,0,0,0,0,0,0,0,0,0,0,0,0,0,0,0,0,0,0,0,0,0,0,0,0,0,0,0,0,0
94.62435049183335,74.44428495615574,60.23473698960382,39.52156742137799,26.94487417561822,11.33814765326654,12.69650024280302,5.107240310492059,2.43949336647362,-0.2499986861710465,1.551620960671281,-1.233285751440736,2.651952397965404,-3.164950696746869,2.666194842391377,2.144887794444416,-5.410405168319516,3.947638746331769,3.314642446662488,-4.787737937762107,0.2032676168542367,-2.345810811334578,5.056045998661979,1.255577294689644,0.5176820807332978,1.681033673748372,-3.431358663853468,0.9668181855367872,-2.569778805894572,3.647283612112421,0.04890632192020417,-0.5253608301893744
0,0,0,0,0,0,0,0,0,0,0,0,0,0,0,0,0,0,0,0,0,0,0,0,0,0,0,0,0,0,0,0
0,0,0,0,0,0,0,0,0,0,0,0,0,0,0,0,0,0,0,0,0,0,0,0,0,0,0,0,0,0,0,0
0,0,0,0,0,0,0,0,0,0,0,0,0,0,0,0,0,0,0,0,0,0,0,0,0,0,0,0,0,0,0,0
0,0,0,0,0,0,0,0,0,0,0,0,0,0,0,0,0,0,0,0,0,0,0,0,0,0,0,0,0,0,0,0
0,0,0,0,0,0,0,0,0,0,0,0,0,0,0,0,0,0,0,0,0,0,0,0,0,0,0,0,0,0,0,0
0,0,0,0,0,0,0,0,0,0,0,0,0,0,0,0,0,0,0,0,0,0,0,0,0,0,0,0,0,0,0,0
0,0,0,0,0,0,0,0,0,0,0,0,0,0,0,0,0,0,0,0,0,0,0,0,0,0,0,0,0,0,0,0
97.83151513838411,73.26059374746758,49.0542326306529,35.68685098812023,19.75447378149808,7.919891091522917,3.912439195217675,1.994833543049331,-1.340860271425794,-7.361191215699963,0.2450150475857927,0.4287182221770507,-2.225239216064638,2.870769420363315,-3.279075088778719,-6.481873422171549,0.5290287662631971,0.6818598296006027,-6.642914475219821,0.5164019048370235,-5.023037143612625,-5.620819834841369,3.567391912489004,-1.881012523090329,2.188544452603945,3.723843182046195,2.189603444653593,1.470799062521704,-3.090768274046849,-2.839834642869469,1.460339868214128,2.347995014576518
0,0,0,0,0,0,0,0,0,0,0,0,0,0,0,0,0,0,0,0,0,0,0,0,0,0,0,0,0,0,0,0
0,0,0,0,0,0,0,0,0,0,0,0,0,0,0,0,0,0,0,0,0,0,0,0,0,0,0,0,0,0,0,0
0,0,0,0,0,0,0,0,0,0,0,0,0,0,0,0,0,0,0,0,0,0,0,0,0,0,0,0,0,0,0,0
0,0,0,0,0,0,0,0,0,0,0,0,0,0,0,0,0,0,0,0,0,0,0,0,0,0,0,0,0,0,0,0
0,0,0,0,0,0,0,0,0,0,0,0,0,0,0,0,0,0,0,0,0,0,0,0,0,0,0,0,0,0,0,0
0,0,0,0,0,0,0,0,0,0,0,0,0,0,0,0,0,0,0,0,0,0,0,0,0,0,0,0,0,0,0,0
0,0,0,0,0,0,0,0,0,0,0,0,0,0,0,0,0,0,0,0,0,0,0,0,0,0,0,0,0,0,0,0
100.9424140046235,68.19062940364994,41.10371322987455,20.06671903893084,6.800964701825537,-2.825629333731993,-1.283769717486403,0.550603007982803,-0.9621413772620828,3.030308535463977,1.493358111102972,-0.5676340470435094,-5.34519967844796,-1.780621682702473,-0.8881209805172263,1.257173244145054,-1.590097852783128,1.796486337632378,0.4045298399619763,2.171410031396495,0.9845499938013855,-5.676035516994881,-1.100471643881408,-2.76788425162811,-3.930706091787283,-5.498756911666414,-4.227079285191274,3.706146248424602,3.314325908548166,-0.07466555689078769,1.289361376228443,-0.8692995051895893
0,0,0,0,0,0,0,0,0,0,0,0,0,0,0,0,0,0,0,0,0,0,0,0,0,0,0,0,0,0,0,0
0,0,0,0,0,0,0,0,0,0,0,0,0,0,0,0,0,0,0,0,0,0,0,0,0,0,0,0,0,0,0,0
0,0,0,0,0,0,0,0,0,0,0,0,0,0,0,0,0,0,0,0,0,0,0,0,0,0,0,0,0,0,0,0
96.45351768349656,60.86305324710832,33.90500227461168,11.55875664337362,3.842887474492674,0.7924352220683695,0.3503872672768507,-3.711255588305826,-0.1893448780327432,4.830720434936938,-0.5665040906002665,2.298178091236303,0.1845732040755194,0.3451567426667551,3.359783479983193,-0.3513757128023163,-1.686471661976623,1.694450317698638,1.870019381640807,3.71019939898406,1.944988791909504,6.029814420872891,-0.552010250330375,4.53424147339334,-2.843209807030591,-2.404787433705112,-4.372763103451526,0.5407787241365012,1.064129947678577,-2.330439769022881,1.443966885966263,-2.650421115785067
0,0,0,0,0,0,0,0,0,0,0,0,0,0,0,0,0,0,0,0,0,0,0,0,0,0,0,0,0,0,0,0
0,0,0,0,0,0,0,0,0,0,0,0,0,0,0,0,0,0,0,0,0,0,0,0,0,0,0,0,0,0,0,0
0,0,0,0,0,0,0,0,0,0,0,0,0,0,0,0,0,0,0,0,0,0,0,0,0,0,0,0,0,0,0,0
102.9491440503012,51.71578069986681,13.43194229641393,1.249005375433212,7.581047978989048,-5.592912437879348,-2.166117373851057,0.1222674203867719,-1.054364404435419,0.4064033125789241,-0.6803478103278815,6.459315445183623,2.584135844539402,2.589301587183149,-1.352417709411405,-2.590698539401819,2.903337978967495,-2.675800557939804,1.656433987640257,2.375848880256092,-6.574532818141114,-3.316348201797198,-2.082712250100451,-3.249811445196403,2.737486312879485,0.4515545411503413,-0.9147814854908216,8.010547407710289,-4.596227494738073,6.006424920281481,-0.8625712566529682,0.6858154640851323
0,0,0,0,0,0,0,0,0,0,0,0,0,0,0,0,0,0,0,0,0,0,0,0,0,0,0,0,0,0,0,0
0,0,0,0,0,0,0,0,0,0,0,0,0,0,0,0,0,0,0,0,0,0,0,0,0,0,0,0,0,0,0,0
0,0,0,0,0,0,0,0,0,0,0,0,0,0,0,0,0,0,0,0,0,0,0,0,0,0,0,0,0,0,0,0
95.91444734687869,20.19366023982947,-1.953264853157664,-0.6283611061250385,-2.075011099036539,4.847760515801522,-3.909947485580004,6.318642064423988,2.327738132727843,-3.084119968987241,0.9350428489476253,4.740603206289761,4.270562905844304,5.393114824950087,-2.700305224369006,1.143113696505619,-0.1028457563799241,0.6599813108162084,-9.875030471659915,2.994723758525258,1.144720637894244,-1.099543930148971,-1.695462658225757,-0.2781955775371361,-0.7224321635685151,2.660741074016752,1.221495759069672,2.194250399684722,1.101922748059282,2.535204216892974,1.485324826794348,2.19507653158671
